$MeshFormat
4.1 0 8
$EndMeshFormat
$PhysicalNames
5
1 2 "Inflow"
1 3 "Outflow"
1 4 "Walls"
1 5 "Obstacle"
2 1 "Volume"
$EndPhysicalNames
$Entities
8 8 2 0
1 1367.222610606212 266.3204500815606 0 0 
2 1475.748194014448 266.3204500815606 0 0 
3 1475.748194014448 319.5845400978728 0 0 
4 1367.222610606212 319.5845400978728 0 0 
5 0 0 0 0 
6 4000 0 0 0 
7 4000 585.9049901794334 0 0 
8 0 585.9049901794334 0 0 
1 1367.222610606212 266.3204500815606 0 1475.748194014448 266.3204500815606 0 1 5 2 1 -2 
2 1475.748194014448 266.3204500815606 0 1475.748194014448 319.5845400978728 0 1 5 2 2 -3 
3 1367.222610606212 319.5845400978728 0 1475.748194014448 319.5845400978728 0 1 5 2 3 -4 
4 1367.222610606212 266.3204500815606 0 1367.222610606212 319.5845400978728 0 1 5 2 4 -1 
5 0 0 0 0 585.9049901794334 0 1 2 2 8 -5 
6 0 0 0 4000 0 0 1 4 2 5 -6 
7 4000 0 0 4000 585.9049901794334 0 1 3 2 6 -7 
8 0 585.9049901794334 0 4000 585.9049901794334 0 1 4 2 7 -8 
1 1367.222610606212 266.3204500815606 0 1475.748194014448 319.5845400978728 0 0 4 1 2 3 4 
2 0 0 0 4000 585.9049901794334 0 1 1 8 5 6 7 8 -4 -3 -2 -1 
$EndEntities
$Nodes
17 3447 1 3447
0 1 0 1
1
1367.222610606212 266.3204500815606 0
0 2 0 1
2
1475.748194014448 266.3204500815606 0
0 3 0 1
3
1475.748194014448 319.5845400978728 0
0 4 0 1
4
1367.222610606212 319.5845400978728 0
0 5 0 1
5
0 0 0
0 6 0 1
6
4000 0 0
0 7 0 1
7
4000 585.9049901794334 0
0 8 0 1
8
0 585.9049901794334 0
1 1 0 16
9
10
11
12
13
14
15
16
17
18
19
20
21
22
23
24
1373.606468453779 266.3204500815606 0
1379.990326301301 266.3204500815606 0
1386.374184148868 266.3204500815606 0
1392.758041996346 266.3204500815606 0
1399.14189984384 266.3204500815606 0
1405.525757691347 266.3204500815606 0
1411.909615538913 266.3204500815606 0
1418.29347338648 266.3204500815606 0
1424.677331234003 266.3204500815606 0
1431.061189081569 266.3204500815606 0
1437.445046929225 266.3204500815606 0
1443.828904776732 266.3204500815606 0
1450.212762624225 266.3204500815606 0
1456.596620471881 266.3204500815606 0
1462.980478319362 266.3204500815606 0
1469.364336166881 266.3204500815606 0
1 2 0 7
25
26
27
28
29
30
31
1475.748194014448 272.9784613335775 0
1475.748194014448 279.6364725855943 0
1475.748194014448 286.294483837611 0
1475.748194014448 292.9524950896279 0
1475.748194014448 299.6105063416891 0
1475.748194014448 306.2685175937503 0
1475.748194014448 312.9265288458115 0
1 3 0 16
32
33
34
35
36
37
38
39
40
41
42
43
44
45
46
47
1469.364336166881 319.5845400978728 0
1462.980478319359 319.5845400978728 0
1456.596620471792 319.5845400978728 0
1450.212762624314 319.5845400978728 0
1443.82890477682 319.5845400978728 0
1437.445046929314 319.5845400978728 0
1431.061189081747 319.5845400978728 0
1424.67733123418 319.5845400978728 0
1418.293473386658 319.5845400978728 0
1411.909615539091 319.5845400978728 0
1405.525757691435 319.5845400978728 0
1399.141899843929 319.5845400978728 0
1392.758041996435 319.5845400978728 0
1386.374184148779 319.5845400978728 0
1379.990326301299 319.5845400978728 0
1373.606468453779 319.5845400978728 0
1 4 0 7
48
49
50
51
52
53
54
1367.222610606212 312.926528845856 0
1367.222610606212 306.2685175938391 0
1367.222610606212 299.6105063418224 0
1367.222610606212 292.9524950898056 0
1367.222610606212 286.2944838377443 0
1367.222610606212 279.6364725856831 0
1367.222610606212 272.9784613336219 0
1 5 0 17
55
56
57
58
59
60
61
62
63
64
65
66
67
68
69
70
71
0 553.3547129473006 0
0 520.8044357151407 0
0 488.254158483035 0
0 455.7038812509465 0
0 423.1536040188581 0
0 390.6033267867696 0
0 358.053049554659 0
0 325.5027723225706 0
0 292.952495090471 0
0 260.4022178582026 0
0 227.8519406259343 0
0 195.3016633936512 0
0 162.7513861613975 0
0 130.201108929107 0
0 97.6508316968534 0
0 65.10055446456408 0
0 32.55027723231035 0
1 6 0 120
72
73
74
75
76
77
78
79
80
81
82
83
84
85
86
87
88
89
90
91
92
93
94
95
96
97
98
99
100
101
102
103
104
105
106
107
108
109
110
111
112
113
114
115
116
117
118
119
120
121
122
123
124
125
126
127
128
129
130
131
132
133
134
135
136
137
138
139
140
141
142
143
144
145
146
147
148
149
150
151
152
153
154
155
156
157
158
159
160
161
162
163
164
165
166
167
168
169
170
171
172
173
174
175
176
177
178
179
180
181
182
183
184
185
186
187
188
189
190
191
33.05785123965173 0 0
66.1157024793041 0 0
99.17355371895911 0 0
132.2314049586115 0 0
165.2892561982524 0 0
198.3471074378868 0 0
231.4049586775235 0 0
264.4628099171741 0 0
297.5206611568465 0 0
330.5785123965279 0 0
363.6363636362094 0 0
396.6942148758907 0 0
429.7520661155721 0 0
462.8099173552535 0 0
495.8677685949253 0 0
528.9256198345539 0 0
561.9834710741439 0 0
595.0413223137313 0 0
628.0991735533188 0 0
661.1570247929062 0 0
694.2148760324936 0 0
727.2727272720811 0 0
760.3305785116685 0 0
793.3884297512559 0 0
826.4462809908434 0 0
859.5041322304307 0 0
892.5619834700183 0 0
925.6198347096056 0 0
958.6776859491931 0 0
991.7355371887805 0 0
1024.793388428403 0 0
1057.851239668076 0 0
1090.909090907757 0 0
1123.966942147438 0 0
1157.02479338712 0 0
1190.082644626801 0 0
1223.140495866483 0 0
1256.198347106164 0 0
1289.256198345845 0 0
1322.314049585527 0 0
1355.371900825208 0 0
1388.429752064889 0 0
1421.487603304571 0 0
1454.545454544252 0 0
1487.603305783934 0 0
1520.661157023615 0 0
1553.719008263296 0 0
1586.776859502978 0 0
1619.834710742659 0 0
1652.892561982341 0 0
1685.950413222022 0 0
1719.008264461703 0 0
1752.066115701385 0 0
1785.123966941066 0 0
1818.181818180747 0 0
1851.239669420429 0 0
1884.29752066011 0 0
1917.355371899792 0 0
1950.413223139473 0 0
1983.471074379175 0 0
2016.528925618951 0 0
2049.586776858747 0 0
2082.644628098465 0 0
2115.702479338147 0 0
2148.760330577828 0 0
2181.818181817509 0 0
2214.876033057191 0 0
2247.933884296873 0 0
2280.991735536555 0 0
2314.049586776236 0 0
2347.107438015918 0 0
2380.165289255599 0 0
2413.223140495281 0 0
2446.280991734963 0 0
2479.338842974645 0 0
2512.396694214326 0 0
2545.454545454008 0 0
2578.512396693689 0 0
2611.570247933371 0 0
2644.628099173052 0 0
2677.685950412734 0 0
2710.743801652416 0 0
2743.801652892098 0 0
2776.859504131779 0 0
2809.917355371461 0 0
2842.975206611142 0 0
2876.033057850824 0 0
2909.090909090506 0 0
2942.148760330187 0 0
2975.206611569869 0 0
3008.264462809551 0 0
3041.322314049232 0 0
3074.380165288914 0 0
3107.438016528596 0 0
3140.495867768277 0 0
3173.553719007959 0 0
3206.61157024764 0 0
3239.669421487322 0 0
3272.727272727004 0 0
3305.785123966686 0 0
3338.842975206367 0 0
3371.900826446049 0 0
3404.95867768573 0 0
3438.016528925412 0 0
3471.074380165094 0 0
3504.132231404775 0 0
3537.190082644457 0 0
3570.247933884139 0 0
3603.30578512382 0 0
3636.363636363502 0 0
3669.421487603183 0 0
3702.479338842865 0 0
3735.537190082547 0 0
3768.595041322229 0 0
3801.65289256191 0 0
3834.710743801592 0 0
3867.768595041273 0 0
3900.826446280955 0 0
3933.884297520637 0 0
3966.942148760318 0 0
1 7 0 17
192
193
194
195
196
197
198
199
200
201
202
203
204
205
206
207
208
4000 32.5502772321245 0
4000 65.10055446426917 0
4000 97.65083169637899 0
4000 130.2011089284746 0
4000 162.7513861605647 0
4000 195.3016633926548 0
4000 227.851940624756 0
4000 260.4022178568461 0
4000 292.9524950889473 0
4000 325.5027723212174 0
4000 358.0530495534874 0
4000 390.6033267857723 0
4000 423.1536040180275 0
4000 455.7038812503197 0
4000 488.254158482575 0
4000 520.804435714866 0
4000 553.3547129471215 0
1 8 0 120
209
210
211
212
213
214
215
216
217
218
219
220
221
222
223
224
225
226
227
228
229
230
231
232
233
234
235
236
237
238
239
240
241
242
243
244
245
246
247
248
249
250
251
252
253
254
255
256
257
258
259
260
261
262
263
264
265
266
267
268
269
270
271
272
273
274
275
276
277
278
279
280
281
282
283
284
285
286
287
288
289
290
291
292
293
294
295
296
297
298
299
300
301
302
303
304
305
306
307
308
309
310
311
312
313
314
315
316
317
318
319
320
321
322
323
324
325
326
327
328
3966.942148760333 585.9049901794334 0
3933.884297520666 585.9049901794334 0
3900.826446280998 585.9049901794334 0
3867.768595041332 585.9049901794334 0
3834.710743801664 585.9049901794334 0
3801.652892561997 585.9049901794334 0
3768.59504132233 585.9049901794334 0
3735.537190082663 585.9049901794334 0
3702.479338842996 585.9049901794334 0
3669.421487603329 585.9049901794334 0
3636.363636363661 585.9049901794334 0
3603.305785123995 585.9049901794334 0
3570.247933884328 585.9049901794334 0
3537.19008264466 585.9049901794334 0
3504.132231404993 585.9049901794334 0
3471.074380165326 585.9049901794334 0
3438.016528925659 585.9049901794334 0
3404.958677685992 585.9049901794334 0
3371.900826446325 585.9049901794334 0
3338.842975206658 585.9049901794334 0
3305.785123966991 585.9049901794334 0
3272.727272727323 585.9049901794334 0
3239.669421487657 585.9049901794334 0
3206.611570247989 585.9049901794334 0
3173.553719008322 585.9049901794334 0
3140.495867768655 585.9049901794334 0
3107.438016528988 585.9049901794334 0
3074.380165289321 585.9049901794334 0
3041.322314049654 585.9049901794334 0
3008.264462809987 585.9049901794334 0
2975.20661157032 585.9049901794334 0
2942.148760330653 585.9049901794334 0
2909.090909090985 585.9049901794334 0
2876.033057851319 585.9049901794334 0
2842.975206611651 585.9049901794334 0
2809.917355371984 585.9049901794334 0
2776.859504132317 585.9049901794334 0
2743.80165289265 585.9049901794334 0
2710.743801652983 585.9049901794334 0
2677.685950413316 585.9049901794334 0
2644.628099173648 585.9049901794334 0
2611.570247933982 585.9049901794334 0
2578.512396694315 585.9049901794334 0
2545.454545454647 585.9049901794334 0
2512.39669421498 585.9049901794334 0
2479.338842975313 585.9049901794334 0
2446.280991735646 585.9049901794334 0
2413.223140495979 585.9049901794334 0
2380.165289256312 585.9049901794334 0
2347.107438016645 585.9049901794334 0
2314.049586776978 585.9049901794334 0
2280.991735537311 585.9049901794334 0
2247.933884297643 585.9049901794334 0
2214.876033057976 585.9049901794334 0
2181.818181818309 585.9049901794334 0
2148.760330578642 585.9049901794334 0
2115.702479338975 585.9049901794334 0
2082.644628099308 585.9049901794334 0
2049.586776859641 585.9049901794334 0
2016.528925619953 585.9049901794334 0
1983.471074380192 585.9049901794334 0
1950.41322314041 585.9049901794334 0
1917.355371900706 585.9049901794334 0
1884.297520661039 585.9049901794334 0
1851.239669421371 585.9049901794334 0
1818.181818181704 585.9049901794334 0
1785.123966942037 585.9049901794334 0
1752.066115702369 585.9049901794334 0
1719.008264462702 585.9049901794334 0
1685.950413223035 585.9049901794334 0
1652.892561983367 585.9049901794334 0
1619.8347107437 585.9049901794334 0
1586.776859504033 585.9049901794334 0
1553.719008264365 585.9049901794334 0
1520.661157024698 585.9049901794334 0
1487.60330578503 585.9049901794334 0
1454.545454545363 585.9049901794334 0
1421.487603305696 585.9049901794334 0
1388.429752066028 585.9049901794334 0
1355.371900826362 585.9049901794334 0
1322.314049586694 585.9049901794334 0
1289.256198347026 585.9049901794334 0
1256.198347107359 585.9049901794334 0
1223.140495867692 585.9049901794334 0
1190.082644628024 585.9049901794334 0
1157.024793388357 585.9049901794334 0
1123.96694214869 585.9049901794334 0
1090.909090909022 585.9049901794334 0
1057.851239669355 585.9049901794334 0
1024.793388429688 585.9049901794334 0
991.7355371900203 585.9049901794334 0
958.6776859503534 585.9049901794334 0
925.6198347106856 585.9049901794334 0
892.5619834710183 585.9049901794334 0
859.5041322313509 585.9049901794334 0
826.4462809916836 585.9049901794334 0
793.3884297520158 585.9049901794334 0
760.3305785123489 585.9049901794334 0
727.2727272726815 585.9049901794334 0
694.2148760330138 585.9049901794334 0
661.1570247933473 585.9049901794334 0
628.0991735536795 585.9049901794334 0
595.0413223140122 585.9049901794334 0
561.9834710743448 585.9049901794334 0
528.9256198346775 585.9049901794334 0
495.8677685950097 585.9049901794334 0
462.8099173553428 585.9049901794334 0
429.7520661156755 585.9049901794334 0
396.6942148760077 585.9049901794334 0
363.6363636363408 585.9049901794334 0
330.578512396673 585.9049901794334 0
297.5206611570056 585.9049901794334 0
264.4628099173383 585.9049901794334 0
231.4049586776709 585.9049901794334 0
198.3471074380045 585.9049901794334 0
165.2892561983367 585.9049901794334 0
132.2314049586694 585.9049901794334 0
99.17355371900203 585.9049901794334 0
66.11570247933469 585.9049901794334 0
33.05785123966689 585.9049901794334 0
2 2 0 3119
329
330
331
332
333
334
335
336
337
338
339
340
341
342
343
344
345
346
347
348
349
350
351
352
353
354
355
356
357
358
359
360
361
362
363
364
365
366
367
368
369
370
371
372
373
374
375
376
377
378
379
380
381
382
383
384
385
386
387
388
389
390
391
392
393
394
395
396
397
398
399
400
401
402
403
404
405
406
407
408
409
410
411
412
413
414
415
416
417
418
419
420
421
422
423
424
425
426
427
428
429
430
431
432
433
434
435
436
437
438
439
440
441
442
443
444
445
446
447
448
449
450
451
452
453
454
455
456
457
458
459
460
461
462
463
464
465
466
467
468
469
470
471
472
473
474
475
476
477
478
479
480
481
482
483
484
485
486
487
488
489
490
491
492
493
494
495
496
497
498
499
500
501
502
503
504
505
506
507
508
509
510
511
512
513
514
515
516
517
518
519
520
521
522
523
524
525
526
527
528
529
530
531
532
533
534
535
536
537
538
539
540
541
542
543
544
545
546
547
548
549
550
551
552
553
554
555
556
557
558
559
560
561
562
563
564
565
566
567
568
569
570
571
572
573
574
575
576
577
578
579
580
581
582
583
584
585
586
587
588
589
590
591
592
593
594
595
596
597
598
599
600
601
602
603
604
605
606
607
608
609
610
611
612
613
614
615
616
617
618
619
620
621
622
623
624
625
626
627
628
629
630
631
632
633
634
635
636
637
638
639
640
641
642
643
644
645
646
647
648
649
650
651
652
653
654
655
656
657
658
659
660
661
662
663
664
665
666
667
668
669
670
671
672
673
674
675
676
677
678
679
680
681
682
683
684
685
686
687
688
689
690
691
692
693
694
695
696
697
698
699
700
701
702
703
704
705
706
707
708
709
710
711
712
713
714
715
716
717
718
719
720
721
722
723
724
725
726
727
728
729
730
731
732
733
734
735
736
737
738
739
740
741
742
743
744
745
746
747
748
749
750
751
752
753
754
755
756
757
758
759
760
761
762
763
764
765
766
767
768
769
770
771
772
773
774
775
776
777
778
779
780
781
782
783
784
785
786
787
788
789
790
791
792
793
794
795
796
797
798
799
800
801
802
803
804
805
806
807
808
809
810
811
812
813
814
815
816
817
818
819
820
821
822
823
824
825
826
827
828
829
830
831
832
833
834
835
836
837
838
839
840
841
842
843
844
845
846
847
848
849
850
851
852
853
854
855
856
857
858
859
860
861
862
863
864
865
866
867
868
869
870
871
872
873
874
875
876
877
878
879
880
881
882
883
884
885
886
887
888
889
890
891
892
893
894
895
896
897
898
899
900
901
902
903
904
905
906
907
908
909
910
911
912
913
914
915
916
917
918
919
920
921
922
923
924
925
926
927
928
929
930
931
932
933
934
935
936
937
938
939
940
941
942
943
944
945
946
947
948
949
950
951
952
953
954
955
956
957
958
959
960
961
962
963
964
965
966
967
968
969
970
971
972
973
974
975
976
977
978
979
980
981
982
983
984
985
986
987
988
989
990
991
992
993
994
995
996
997
998
999
1000
1001
1002
1003
1004
1005
1006
1007
1008
1009
1010
1011
1012
1013
1014
1015
1016
1017
1018
1019
1020
1021
1022
1023
1024
1025
1026
1027
1028
1029
1030
1031
1032
1033
1034
1035
1036
1037
1038
1039
1040
1041
1042
1043
1044
1045
1046
1047
1048
1049
1050
1051
1052
1053
1054
1055
1056
1057
1058
1059
1060
1061
1062
1063
1064
1065
1066
1067
1068
1069
1070
1071
1072
1073
1074
1075
1076
1077
1078
1079
1080
1081
1082
1083
1084
1085
1086
1087
1088
1089
1090
1091
1092
1093
1094
1095
1096
1097
1098
1099
1100
1101
1102
1103
1104
1105
1106
1107
1108
1109
1110
1111
1112
1113
1114
1115
1116
1117
1118
1119
1120
1121
1122
1123
1124
1125
1126
1127
1128
1129
1130
1131
1132
1133
1134
1135
1136
1137
1138
1139
1140
1141
1142
1143
1144
1145
1146
1147
1148
1149
1150
1151
1152
1153
1154
1155
1156
1157
1158
1159
1160
1161
1162
1163
1164
1165
1166
1167
1168
1169
1170
1171
1172
1173
1174
1175
1176
1177
1178
1179
1180
1181
1182
1183
1184
1185
1186
1187
1188
1189
1190
1191
1192
1193
1194
1195
1196
1197
1198
1199
1200
1201
1202
1203
1204
1205
1206
1207
1208
1209
1210
1211
1212
1213
1214
1215
1216
1217
1218
1219
1220
1221
1222
1223
1224
1225
1226
1227
1228
1229
1230
1231
1232
1233
1234
1235
1236
1237
1238
1239
1240
1241
1242
1243
1244
1245
1246
1247
1248
1249
1250
1251
1252
1253
1254
1255
1256
1257
1258
1259
1260
1261
1262
1263
1264
1265
1266
1267
1268
1269
1270
1271
1272
1273
1274
1275
1276
1277
1278
1279
1280
1281
1282
1283
1284
1285
1286
1287
1288
1289
1290
1291
1292
1293
1294
1295
1296
1297
1298
1299
1300
1301
1302
1303
1304
1305
1306
1307
1308
1309
1310
1311
1312
1313
1314
1315
1316
1317
1318
1319
1320
1321
1322
1323
1324
1325
1326
1327
1328
1329
1330
1331
1332
1333
1334
1335
1336
1337
1338
1339
1340
1341
1342
1343
1344
1345
1346
1347
1348
1349
1350
1351
1352
1353
1354
1355
1356
1357
1358
1359
1360
1361
1362
1363
1364
1365
1366
1367
1368
1369
1370
1371
1372
1373
1374
1375
1376
1377
1378
1379
1380
1381
1382
1383
1384
1385
1386
1387
1388
1389
1390
1391
1392
1393
1394
1395
1396
1397
1398
1399
1400
1401
1402
1403
1404
1405
1406
1407
1408
1409
1410
1411
1412
1413
1414
1415
1416
1417
1418
1419
1420
1421
1422
1423
1424
1425
1426
1427
1428
1429
1430
1431
1432
1433
1434
1435
1436
1437
1438
1439
1440
1441
1442
1443
1444
1445
1446
1447
1448
1449
1450
1451
1452
1453
1454
1455
1456
1457
1458
1459
1460
1461
1462
1463
1464
1465
1466
1467
1468
1469
1470
1471
1472
1473
1474
1475
1476
1477
1478
1479
1480
1481
1482
1483
1484
1485
1486
1487
1488
1489
1490
1491
1492
1493
1494
1495
1496
1497
1498
1499
1500
1501
1502
1503
1504
1505
1506
1507
1508
1509
1510
1511
1512
1513
1514
1515
1516
1517
1518
1519
1520
1521
1522
1523
1524
1525
1526
1527
1528
1529
1530
1531
1532
1533
1534
1535
1536
1537
1538
1539
1540
1541
1542
1543
1544
1545
1546
1547
1548
1549
1550
1551
1552
1553
1554
1555
1556
1557
1558
1559
1560
1561
1562
1563
1564
1565
1566
1567
1568
1569
1570
1571
1572
1573
1574
1575
1576
1577
1578
1579
1580
1581
1582
1583
1584
1585
1586
1587
1588
1589
1590
1591
1592
1593
1594
1595
1596
1597
1598
1599
1600
1601
1602
1603
1604
1605
1606
1607
1608
1609
1610
1611
1612
1613
1614
1615
1616
1617
1618
1619
1620
1621
1622
1623
1624
1625
1626
1627
1628
1629
1630
1631
1632
1633
1634
1635
1636
1637
1638
1639
1640
1641
1642
1643
1644
1645
1646
1647
1648
1649
1650
1651
1652
1653
1654
1655
1656
1657
1658
1659
1660
1661
1662
1663
1664
1665
1666
1667
1668
1669
1670
1671
1672
1673
1674
1675
1676
1677
1678
1679
1680
1681
1682
1683
1684
1685
1686
1687
1688
1689
1690
1691
1692
1693
1694
1695
1696
1697
1698
1699
1700
1701
1702
1703
1704
1705
1706
1707
1708
1709
1710
1711
1712
1713
1714
1715
1716
1717
1718
1719
1720
1721
1722
1723
1724
1725
1726
1727
1728
1729
1730
1731
1732
1733
1734
1735
1736
1737
1738
1739
1740
1741
1742
1743
1744
1745
1746
1747
1748
1749
1750
1751
1752
1753
1754
1755
1756
1757
1758
1759
1760
1761
1762
1763
1764
1765
1766
1767
1768
1769
1770
1771
1772
1773
1774
1775
1776
1777
1778
1779
1780
1781
1782
1783
1784
1785
1786
1787
1788
1789
1790
1791
1792
1793
1794
1795
1796
1797
1798
1799
1800
1801
1802
1803
1804
1805
1806
1807
1808
1809
1810
1811
1812
1813
1814
1815
1816
1817
1818
1819
1820
1821
1822
1823
1824
1825
1826
1827
1828
1829
1830
1831
1832
1833
1834
1835
1836
1837
1838
1839
1840
1841
1842
1843
1844
1845
1846
1847
1848
1849
1850
1851
1852
1853
1854
1855
1856
1857
1858
1859
1860
1861
1862
1863
1864
1865
1866
1867
1868
1869
1870
1871
1872
1873
1874
1875
1876
1877
1878
1879
1880
1881
1882
1883
1884
1885
1886
1887
1888
1889
1890
1891
1892
1893
1894
1895
1896
1897
1898
1899
1900
1901
1902
1903
1904
1905
1906
1907
1908
1909
1910
1911
1912
1913
1914
1915
1916
1917
1918
1919
1920
1921
1922
1923
1924
1925
1926
1927
1928
1929
1930
1931
1932
1933
1934
1935
1936
1937
1938
1939
1940
1941
1942
1943
1944
1945
1946
1947
1948
1949
1950
1951
1952
1953
1954
1955
1956
1957
1958
1959
1960
1961
1962
1963
1964
1965
1966
1967
1968
1969
1970
1971
1972
1973
1974
1975
1976
1977
1978
1979
1980
1981
1982
1983
1984
1985
1986
1987
1988
1989
1990
1991
1992
1993
1994
1995
1996
1997
1998
1999
2000
2001
2002
2003
2004
2005
2006
2007
2008
2009
2010
2011
2012
2013
2014
2015
2016
2017
2018
2019
2020
2021
2022
2023
2024
2025
2026
2027
2028
2029
2030
2031
2032
2033
2034
2035
2036
2037
2038
2039
2040
2041
2042
2043
2044
2045
2046
2047
2048
2049
2050
2051
2052
2053
2054
2055
2056
2057
2058
2059
2060
2061
2062
2063
2064
2065
2066
2067
2068
2069
2070
2071
2072
2073
2074
2075
2076
2077
2078
2079
2080
2081
2082
2083
2084
2085
2086
2087
2088
2089
2090
2091
2092
2093
2094
2095
2096
2097
2098
2099
2100
2101
2102
2103
2104
2105
2106
2107
2108
2109
2110
2111
2112
2113
2114
2115
2116
2117
2118
2119
2120
2121
2122
2123
2124
2125
2126
2127
2128
2129
2130
2131
2132
2133
2134
2135
2136
2137
2138
2139
2140
2141
2142
2143
2144
2145
2146
2147
2148
2149
2150
2151
2152
2153
2154
2155
2156
2157
2158
2159
2160
2161
2162
2163
2164
2165
2166
2167
2168
2169
2170
2171
2172
2173
2174
2175
2176
2177
2178
2179
2180
2181
2182
2183
2184
2185
2186
2187
2188
2189
2190
2191
2192
2193
2194
2195
2196
2197
2198
2199
2200
2201
2202
2203
2204
2205
2206
2207
2208
2209
2210
2211
2212
2213
2214
2215
2216
2217
2218
2219
2220
2221
2222
2223
2224
2225
2226
2227
2228
2229
2230
2231
2232
2233
2234
2235
2236
2237
2238
2239
2240
2241
2242
2243
2244
2245
2246
2247
2248
2249
2250
2251
2252
2253
2254
2255
2256
2257
2258
2259
2260
2261
2262
2263
2264
2265
2266
2267
2268
2269
2270
2271
2272
2273
2274
2275
2276
2277
2278
2279
2280
2281
2282
2283
2284
2285
2286
2287
2288
2289
2290
2291
2292
2293
2294
2295
2296
2297
2298
2299
2300
2301
2302
2303
2304
2305
2306
2307
2308
2309
2310
2311
2312
2313
2314
2315
2316
2317
2318
2319
2320
2321
2322
2323
2324
2325
2326
2327
2328
2329
2330
2331
2332
2333
2334
2335
2336
2337
2338
2339
2340
2341
2342
2343
2344
2345
2346
2347
2348
2349
2350
2351
2352
2353
2354
2355
2356
2357
2358
2359
2360
2361
2362
2363
2364
2365
2366
2367
2368
2369
2370
2371
2372
2373
2374
2375
2376
2377
2378
2379
2380
2381
2382
2383
2384
2385
2386
2387
2388
2389
2390
2391
2392
2393
2394
2395
2396
2397
2398
2399
2400
2401
2402
2403
2404
2405
2406
2407
2408
2409
2410
2411
2412
2413
2414
2415
2416
2417
2418
2419
2420
2421
2422
2423
2424
2425
2426
2427
2428
2429
2430
2431
2432
2433
2434
2435
2436
2437
2438
2439
2440
2441
2442
2443
2444
2445
2446
2447
2448
2449
2450
2451
2452
2453
2454
2455
2456
2457
2458
2459
2460
2461
2462
2463
2464
2465
2466
2467
2468
2469
2470
2471
2472
2473
2474
2475
2476
2477
2478
2479
2480
2481
2482
2483
2484
2485
2486
2487
2488
2489
2490
2491
2492
2493
2494
2495
2496
2497
2498
2499
2500
2501
2502
2503
2504
2505
2506
2507
2508
2509
2510
2511
2512
2513
2514
2515
2516
2517
2518
2519
2520
2521
2522
2523
2524
2525
2526
2527
2528
2529
2530
2531
2532
2533
2534
2535
2536
2537
2538
2539
2540
2541
2542
2543
2544
2545
2546
2547
2548
2549
2550
2551
2552
2553
2554
2555
2556
2557
2558
2559
2560
2561
2562
2563
2564
2565
2566
2567
2568
2569
2570
2571
2572
2573
2574
2575
2576
2577
2578
2579
2580
2581
2582
2583
2584
2585
2586
2587
2588
2589
2590
2591
2592
2593
2594
2595
2596
2597
2598
2599
2600
2601
2602
2603
2604
2605
2606
2607
2608
2609
2610
2611
2612
2613
2614
2615
2616
2617
2618
2619
2620
2621
2622
2623
2624
2625
2626
2627
2628
2629
2630
2631
2632
2633
2634
2635
2636
2637
2638
2639
2640
2641
2642
2643
2644
2645
2646
2647
2648
2649
2650
2651
2652
2653
2654
2655
2656
2657
2658
2659
2660
2661
2662
2663
2664
2665
2666
2667
2668
2669
2670
2671
2672
2673
2674
2675
2676
2677
2678
2679
2680
2681
2682
2683
2684
2685
2686
2687
2688
2689
2690
2691
2692
2693
2694
2695
2696
2697
2698
2699
2700
2701
2702
2703
2704
2705
2706
2707
2708
2709
2710
2711
2712
2713
2714
2715
2716
2717
2718
2719
2720
2721
2722
2723
2724
2725
2726
2727
2728
2729
2730
2731
2732
2733
2734
2735
2736
2737
2738
2739
2740
2741
2742
2743
2744
2745
2746
2747
2748
2749
2750
2751
2752
2753
2754
2755
2756
2757
2758
2759
2760
2761
2762
2763
2764
2765
2766
2767
2768
2769
2770
2771
2772
2773
2774
2775
2776
2777
2778
2779
2780
2781
2782
2783
2784
2785
2786
2787
2788
2789
2790
2791
2792
2793
2794
2795
2796
2797
2798
2799
2800
2801
2802
2803
2804
2805
2806
2807
2808
2809
2810
2811
2812
2813
2814
2815
2816
2817
2818
2819
2820
2821
2822
2823
2824
2825
2826
2827
2828
2829
2830
2831
2832
2833
2834
2835
2836
2837
2838
2839
2840
2841
2842
2843
2844
2845
2846
2847
2848
2849
2850
2851
2852
2853
2854
2855
2856
2857
2858
2859
2860
2861
2862
2863
2864
2865
2866
2867
2868
2869
2870
2871
2872
2873
2874
2875
2876
2877
2878
2879
2880
2881
2882
2883
2884
2885
2886
2887
2888
2889
2890
2891
2892
2893
2894
2895
2896
2897
2898
2899
2900
2901
2902
2903
2904
2905
2906
2907
2908
2909
2910
2911
2912
2913
2914
2915
2916
2917
2918
2919
2920
2921
2922
2923
2924
2925
2926
2927
2928
2929
2930
2931
2932
2933
2934
2935
2936
2937
2938
2939
2940
2941
2942
2943
2944
2945
2946
2947
2948
2949
2950
2951
2952
2953
2954
2955
2956
2957
2958
2959
2960
2961
2962
2963
2964
2965
2966
2967
2968
2969
2970
2971
2972
2973
2974
2975
2976
2977
2978
2979
2980
2981
2982
2983
2984
2985
2986
2987
2988
2989
2990
2991
2992
2993
2994
2995
2996
2997
2998
2999
3000
3001
3002
3003
3004
3005
3006
3007
3008
3009
3010
3011
3012
3013
3014
3015
3016
3017
3018
3019
3020
3021
3022
3023
3024
3025
3026
3027
3028
3029
3030
3031
3032
3033
3034
3035
3036
3037
3038
3039
3040
3041
3042
3043
3044
3045
3046
3047
3048
3049
3050
3051
3052
3053
3054
3055
3056
3057
3058
3059
3060
3061
3062
3063
3064
3065
3066
3067
3068
3069
3070
3071
3072
3073
3074
3075
3076
3077
3078
3079
3080
3081
3082
3083
3084
3085
3086
3087
3088
3089
3090
3091
3092
3093
3094
3095
3096
3097
3098
3099
3100
3101
3102
3103
3104
3105
3106
3107
3108
3109
3110
3111
3112
3113
3114
3115
3116
3117
3118
3119
3120
3121
3122
3123
3124
3125
3126
3127
3128
3129
3130
3131
3132
3133
3134
3135
3136
3137
3138
3139
3140
3141
3142
3143
3144
3145
3146
3147
3148
3149
3150
3151
3152
3153
3154
3155
3156
3157
3158
3159
3160
3161
3162
3163
3164
3165
3166
3167
3168
3169
3170
3171
3172
3173
3174
3175
3176
3177
3178
3179
3180
3181
3182
3183
3184
3185
3186
3187
3188
3189
3190
3191
3192
3193
3194
3195
3196
3197
3198
3199
3200
3201
3202
3203
3204
3205
3206
3207
3208
3209
3210
3211
3212
3213
3214
3215
3216
3217
3218
3219
3220
3221
3222
3223
3224
3225
3226
3227
3228
3229
3230
3231
3232
3233
3234
3235
3236
3237
3238
3239
3240
3241
3242
3243
3244
3245
3246
3247
3248
3249
3250
3251
3252
3253
3254
3255
3256
3257
3258
3259
3260
3261
3262
3263
3264
3265
3266
3267
3268
3269
3270
3271
3272
3273
3274
3275
3276
3277
3278
3279
3280
3281
3282
3283
3284
3285
3286
3287
3288
3289
3290
3291
3292
3293
3294
3295
3296
3297
3298
3299
3300
3301
3302
3303
3304
3305
3306
3307
3308
3309
3310
3311
3312
3313
3314
3315
3316
3317
3318
3319
3320
3321
3322
3323
3324
3325
3326
3327
3328
3329
3330
3331
3332
3333
3334
3335
3336
3337
3338
3339
3340
3341
3342
3343
3344
3345
3346
3347
3348
3349
3350
3351
3352
3353
3354
3355
3356
3357
3358
3359
3360
3361
3362
3363
3364
3365
3366
3367
3368
3369
3370
3371
3372
3373
3374
3375
3376
3377
3378
3379
3380
3381
3382
3383
3384
3385
3386
3387
3388
3389
3390
3391
3392
3393
3394
3395
3396
3397
3398
3399
3400
3401
3402
3403
3404
3405
3406
3407
3408
3409
3410
3411
3412
3413
3414
3415
3416
3417
3418
3419
3420
3421
3422
3423
3424
3425
3426
3427
3428
3429
3430
3431
3432
3433
3434
3435
3436
3437
3438
3439
3440
3441
3442
3443
3444
3445
3446
3447
1361.618399639567 296.2815007158104 0
1481.954438684404 289.6313846187866 0
1767.684850565939 557.4142378416593 0
1075.229617777896 27.80462274262193 0
1735.537190081544 28.62893896809092 0
1108.224749394208 558.131150975246 0
578.5123966939376 28.6289389680095 0
711.0394049449569 27.96857202025964 0
843.1677715645046 30.14183641625111 0
447.4693962393251 557.9575574269118 0
3653.326909161957 557.5200475136068 0
3487.603910875312 557.2758142810917 0
314.0609692230045 559.1063709091184 0
3355.371900826486 557.9240794565874 0
3221.801493779638 552.6936526024145 0
3088.294554101023 557.455434666608 0
2826.446369898788 557.276038787557 0
2958.677685950486 558.1527860331026 0
2626.191154156264 558.0716629175791 0
2497.974221634047 553.7450434372878 0
2363.776498527636 557.2787060076615 0
2202.085755093138 557.3966855496694 0
2066.066716073579 557.4368286698101 0
1901.366548951638 556.6842409432503 0
975.0409833161849 560.6791072381371 0
1440.636975853067 325.1131231679566 0
1408.522489107544 325.1456494671689 0
1376.89641741439 324.7343103701293 0
1466.172407243118 325.1131231679759 0
1440.551334435036 260.7744284176567 0
1408.651129019231 260.6002632831414 0
1376.539711986679 260.9965211643742 0
1465.587321114052 260.9615400992148 0
2726.805752426957 28.25069916360528 0
644.6280991735134 557.276051211355 0
776.8595041321823 557.276051211355 0
2296.414562488641 28.82324690564188 0
3586.778207923792 28.62822996747712 0
380.16528925605 28.62893896809097 0
3416.624038948575 25.72744214886344 0
3289.256231638962 28.62893614447435 0
3156.336135486624 27.74604816281071 0
3024.79349297937 28.62904825483477 0
2890.384879023419 27.61820815135618 0
2561.983471073849 28.62893896809122 0
2429.752066115123 27.30841323554991 0
2132.222341672097 28.20657449034038 0
1967.857068827591 26.7997939330259 0
3718.835726412605 28.82244643442576 0
27.44617468572003 274.7967122183034 0
3970.42775123452 313.5547902092483 0
1636.364109736718 558.0655402406151 0
1634.305786735862 29.91980737421255 0
1204.037127139779 26.76682711885275 0
1207.198111314027 559.245661906157 0
247.8506302344844 25.18037666293407 0
3787.897256623783 553.1936263898972 0
1533.282471617106 557.6778171268475 0
1539.292215510264 23.80027814752429 0
1305.878310128728 24.57697913274392 0
1306.787142583083 558.5527544746327 0
1833.595428569926 29.22592801061435 0
972.6919201325826 31.80305858211238 0
185.5231249625134 556.568663253178 0
3818.203257852358 28.61536818883529 0
479.3388429750894 28.62893896806397 0
880.4833254075654 557.6732903695918 0
545.1876098303705 559.7407584485762 0
2727.628342785011 559.222428086471 0
26.47816180000548 374.0372461780662 0
3974.647950726344 212.4035410306914 0
1406.549839700312 557.0229895422926 0
1406.176343530256 27.69400936686453 0
1481.217705266077 308.7954124999193 0
1361.619901084847 276.4002708251592 0
27.68863470113462 176.2677896594793 0
3972.818828900525 408.9769478582342 0
148.7603305784319 28.62893896805308 0
3973.3018594736 115.5579990520107 0
30.93224313923041 473.1858798491367 0
3888.531701225984 559.3088295127072 0
1469.685360391759 27.62935604965412 0
1475.984321275252 561.2037872272123 0
1140.575678449891 26.90510749145014 0
1702.303100559169 558.8798173593134 0
1900.826446279951 28.62893896809083 0
909.3319078046694 29.55602026250198 0
1039.001890034466 558.846929988523 0
3884.290627104997 27.77459266793659 0
115.7387453123757 557.2973144869325 0
245.2598517622823 556.2931395559724 0
3652.892561983344 28.62893896809102 0
2033.05785123884 28.27912080982246 0
1966.974879117356 557.2764578813081 0
313.4793378115799 30.39368443481461 0
3354.374835891853 26.41197481991668 0
710.7312612766302 557.2740919278722 0
3090.909068592475 28.62893857904949 0
3024.793388429826 557.276051211355 0
2363.311762480589 26.7494007655706 0
3223.140542137685 28.47413377669398 0
2828.221234733914 30.48857321832776 0
2660.059851496427 25.75288568429596 0
2496.839201579813 28.78558545229379 0
378.8774240572159 558.3967747944416 0
2197.956198578163 27.64379861555425 0
3553.719791603663 557.276403749425 0
2429.752066115813 557.9995480997558 0
3517.564732905414 34.87649996409088 0
1833.066137838596 555.6869909907678 0
3289.256217587749 557.2760521588092 0
2299.07800196945 556.4753535870909 0
2892.561983471156 557.9814316844559 0
3719.028564432496 557.2717149977509 0
2958.676150260272 26.15592234349167 0
2561.057970496501 557.0108363787051 0
3421.487720106294 558.6441640888613 0
775.9171655601805 28.02192432023422 0
643.3526949703258 27.8949258196187 0
2132.231404958809 558.2730063886256 0
3154.451409503827 558.1755823799787 0
28.18936698335781 113.9259703129802 0
3971.810633016641 471.9790198664474 0
1482.698014684438 275.3204651178601 0
1361.378809060954 309.5975232198479 0
1427.585422730621 260.6103992244898 0
1421.131918669427 325.0325639106267 0
1389.566113072606 260.7918670114959 0
1390.006578838817 325.3258267676063 0
1453.883581726901 260.8772556684834 0
1453.933502563716 325.5500454213619 0
82.53797006738264 27.80938725319028 0
50.89791991985201 558.0660548281536 0
3949.077458458342 27.84642997792825 0
3952.551323430343 559.961502040667 0
33.59225980141034 49.28894078630794 0
1437.564707325941 27.56141910678053 0
1452.98291369912 53.92838394783669 0
1482.647200113398 54.40503661680988 0
1467.091923468762 77.95147360601392 0
1493.385379873095 79.52856254027992 0
1480.493106901018 100.0658807219291 0
1454.451006603518 100.5414093482504 0
1503.650141841388 101.8267788703887 0
1491.507573403821 121.2355207239411 0
1513.090670602671 122.1231259771291 0
1502.182762123372 139.7278419582032 0
1521.597749282631 140.773547471053 0
1511.485801401589 156.7013184831599 0
1529.64627222773 157.8356406992503 0
1492.131449575323 157.000293010745 0
1520.088097489355 172.7892727757562 0
1537.50000515953 174.0434531507278 0
1547.766307073055 158.0822271004702 0
1556.30025777795 176.649084365483 0
1527.764937536695 188.4013252396989 0
1567.496602554163 159.0682921417227 0
1576.630826749073 179.575959246625 0
1589.612146897891 161.0907292257115 0
1598.361481077784 181.7332604957588 0
1585.274676256275 199.9423011462117 0
1607.39670735936 202.2675423232515 0
1594.409781316654 219.1374828680677 0
1616.339695675204 222.9660068785286 0
1599.785146798284 240.7946863317393 0
1625.267948704965 244.1337368908518 0
1611.34494093111 263.1259551725418 0
1635.247639471134 266.0018414818172 0
1649.939198437135 246.5395243683698 0
1660.115337609517 269.411331683382 0
1675.442581441948 248.9417608303312 0
1685.8126739476 273.0272101057463 0
1701.609826030377 251.8918874785654 0
1712.705069289204 276.1262670511576 0
1728.806692284978 255.343825904471 0
1740.134838435353 280.2541962203246 0
1757.209434377511 258.2746093018071 0
1768.743151709325 283.4408456910086 0
1785.899104203658 260.952626850849 0
1797.509195380137 288.8495406364665 0
1815.094203643382 266.2290468796187 0
1620.786308115269 284.8160197393856 0
1826.842982667208 293.8918714486645 0
1845.300940861506 269.9438966344828 0
1857.528561320266 295.9074284250515 0
1876.226801213147 270.6820487278624 0
1888.4548012704 300.0342643282645 0
1907.257615636787 273.8339732066954 0
1919.604095124943 304.5529922869536 0
1938.589754847174 276.8922199208978 0
1950.918959249516 307.9286937539235 0
1970.119762261817 280.3988721978816 0
1982.508087071101 311.0300684199975 0
2001.64721995311 285.900292378747 0
1700.188939570018 297.9153155914957 0
2014.189403229427 315.6939293832596 0
2033.534955724926 290.0920587319206 0
2046.169155385833 319.8446597156386 0
2065.652012298897 293.2923711894768 0
2078.459578299563 322.9379723430255 0
2097.666455221045 296.778544072197 0
2110.823746702276 327.3804051872246 0
2130.098492606089 300.5992582481746 0
2143.155215946249 331.2224896209198 0
2162.791680260738 304.4218999110667 0
2175.606354538401 335.0823310311283 0
2195.309900173139 308.3191521454038 0
1780.006580552687 311.5882905379461 0
2208.140627940548 339.0146255231331 0
2227.849121190242 312.4768103637593 0
2240.753984819208 342.71774224848 0
2260.470563860132 316.3912920704785 0
2247.32127492242 286.1719387145112 0
2280.067828588297 290.0028074078478 0
2293.105352163977 320.2991506743279 0
2312.836152847894 293.984046944156 0
2325.800728214302 324.2534391715267 0
2345.534425180509 297.8971532730992 0
2358.509605910174 328.2110659949515 0
2378.263222734395 301.8174207858107 0
2391.238524662178 332.1589805490484 0
2411.025225747811 305.7562407431762 0
2423.988004046249 336.1034121335312 0
2443.78676408042 309.6926326601842 0
2456.750034236133 340.0499551678602 0
2476.549599696926 313.6442886874605 0
2489.521319366449 343.9997638870187 0
2509.325715181178 317.5852829736689 0
2496.349989868213 287.226842754832 0
2529.131827128104 291.1652646535842 0
2542.111001008301 321.5307113296675 0
2561.921165146347 295.1100075722462 0
2574.903025010899 325.4782213580751 0
2594.717132424383 299.0520771904615 0
2607.698346899868 329.4230961224713 0
2627.516841905081 302.9911303381135 0
2640.492593170074 333.3748048047501 0
2660.319946526246 306.9354026612995 0
2673.299052483718 337.3251756920093 0
2693.127299199084 310.8802740704174 0
2706.114651408437 341.2726392911706 0
2725.938458846669 314.825398933009 0
2738.928723080585 345.2194543349539 0
2758.75145494592 318.770359014634 0
2745.761478793091 288.3797982409727 0
2778.575192932664 292.3253017496079 0
2791.565092220883 322.715805018199 0
2811.389858243254 296.2717889941001 0
2824.379952180139 326.6630896869742 0
2844.205843671069 300.2178524866109 0
2857.196337873714 330.6103054160859 0
2877.02271944825 304.1644025927835 0
2890.013587747654 334.5575241150494 0
2909.840350948997 308.1107503002168 0
2922.831594252829 338.5046588457524 0
2942.658784366515 312.0580384049847 0
2955.65023591904 342.4519509933066 0
2975.477935701742 316.0033766006923 0
2962.486271734727 285.6109481907237 0
2995.3057630782 289.5547064059286 0
3008.297369094516 319.9501953066699 0
3028.124737612487 293.501371138871 0
3041.117130613225 323.8972281542939 0
3060.944338700738 297.4502252164887 0
3073.898586492468 327.8159407130671 0
3093.758783953683 301.3924109757452 0
3106.755584963048 331.7784124522474 0
3126.58604204762 305.3417660698636 0
3139.616290673445 335.7200873754196 0
3159.412116778051 309.2880227715894 0
3172.400105871902 339.638602282542 0
3192.228333185629 313.2298565635413 0
3205.24746097479 343.4713178223733 0
3225.046636809394 317.1104018368976 0
3212.056010836141 286.7764125474837 0
3244.876788202372 290.7190767476454 0
3257.90255658932 321.0540106339675 0
3277.694115485575 294.6689157024334 0
3290.735277392713 325.0456164368769 0
3310.519527172009 298.6261466909331 0
3323.518951164461 329.0190074674605 0
3343.344614432145 302.575268819941 0
3356.334514164304 332.9708773746935 0
3376.162493697039 306.5213117548094 0
3389.154179480081 336.9185667474835 0
3408.982718700508 310.4687412143294 0
3421.974684196427 340.865734571639 0
3441.803135383291 314.4161515908098 0
3454.794662863008 344.8123605460016 0
3474.622386825328 318.3631803050949 0
3461.631200632542 287.9678803606072 0
3494.453121528845 291.9097098110494 0
3507.440619799858 322.3082672739133 0
3527.272421531016 295.8543783315644 0
3540.25669590808 326.2527660659904 0
3560.082500572884 299.808876658689 0
3573.067879585442 330.1973289000426 0
3592.888178094925 303.7629064133538 0
3605.871205520708 334.1380035372225 0
3625.687905687561 307.7179533340122 0
3638.65701971034 338.0777215770897 0
3658.459526681801 311.6787775099006 0
3671.423019624932 342.0083698728039 0
3691.196452058562 315.6106226656241 0
3678.255237755351 285.3078750285845 0
3710.965863145864 289.2633228579668 0
3723.900907208826 319.532703661631 0
2149.378293988324 273.5493910048225 0
3113.591804227696 274.9506982966171 0
1691.001740485674 227.1740431089003 0
3363.158069174151 276.1813699886584 0
2398.02275210518 275.3788315633623 0
2614.531052581757 272.620275574415 0
2864.032776118992 273.7742303421243 0
1869.42121310673 326.1449264207858 0
3579.912109131406 273.3793682910435 0
3743.644819199037 293.2120730852141 0
2765.585153948908 261.9346803579888 0
2052.409012820975 265.0639021926293 0
3756.569155274485 323.4690721061579 0
3730.727355987974 262.9457590062121 0
1774.2153600183 236.9122205618023 0
2299.696482876078 263.5480461253799 0
2516.149532231411 260.8007143844426 0
3264.693364224018 264.2815668755974 0
3481.540413658748 261.5875097803511 0
3015.133629715825 263.104779109772 0
1613.366169744258 163.5705837470888 0
1925.098338571721 245.9244462651381 0
1598.117458748029 282.1196710014206 0
1606.615774141381 302.6950891678252 0
1963.533929224547 338.5761001398196 0
3763.3889581571 266.8858146960578 0
3750.473275197698 236.6412935131941 0
1585.209012594827 299.8818465872315 0
1593.157374913657 319.777691407761 0
1577.380994337892 279.731715106745 0
2059.568333174235 350.7120477466588 0
2338.740480680256 354.5487527300812 0
1572.885802843706 317.1675430476 0
1579.983612854023 337.2333074554406 0
1601.579944235373 339.9429857120914 0
1587.523037432157 357.882413267734 0
1610.445123413455 360.8437159449478 0
1596.004453362216 378.6410299427747 0
1573.1860384703 375.5984769247513 0
1619.399855120338 382.6270988303413 0
1580.963940430604 397.1328664266508 0
1559.057635736284 392.4072922701188 0
3054.087209667156 354.2776537609018 0
2587.866503319492 355.8563061526615 0
3303.719918848132 355.3604579232652 0
3618.872860490867 364.4780967821711 0
2870.186432202223 361.0045686033053 0
2686.274408289548 367.728578296122 0
2156.709680276633 362.7941400654574 0
3783.109134059911 240.5927849279626 0
1551.681558486014 373.006463380629 0
1535.440039426966 386.8705617930275 0
1544.735140578362 407.7277388649705 0
1523.896252834737 403.7744594503927 0
3402.18727090603 367.2981479958096 0
3152.643645275843 365.9573797756666 0
2469.715712078766 370.4108259121513 0
3770.21216587199 210.3454072846978 0
3737.574573212769 206.3818456162801 0
1531.337798861174 423.4558106431035 0
1511.454228520348 418.483139732782 0
1504.606277465288 400.4109784318824 0
1492.449841070502 413.9985077103859 0
1486.575065180564 396.5673533573745 0
1474.738654181577 410.0498971566677 0
1469.981929357309 393.9512058562536 0
1457.257523990215 406.3749103061685 0
1462.713238603405 423.4270327318446 0
1445.304392371967 419.1592075712511 0
1440.076145506482 402.4579086000768 0
1428.482903270808 414.57351666496 0
1424.082626397243 398.5685798072336 0
1412.431296520688 410.1241301056124 0
1409.10457493671 394.4005336484082 0
1397.28301573104 405.5531233021367 0
1398.873907744932 421.6534628191233 0
1384.84838933949 417.0396559387454 0
1381.660359553843 401.1921328236017 0
1369.769991572646 412.1797312901105 0
1366.297090080173 397.1022739983846 0
1354.921841962076 408.5208811635055 0
1351.439165823868 392.9560806970454 0
1340.04429566768 403.0291552889951 0
1336.889344641823 388.6136010658234 0
1325.933760560858 398.6268889480324 0
1322.395934879895 383.8761106729503 0
1311.950691602775 395.2333309935086 0
1307.016960036103 379.254908301708 0
1295.773570007614 391.2006826585501 0
1290.846144814336 373.9046083090079 0
1277.959314744604 385.2263627668641 0
1273.947156364811 367.3329921423336 0
1259.836239462054 379.7979066696395 0
1255.899456456184 361.3602687255764 0
1240.858724985569 374.3548306352575 0
1236.323970996808 351.4807026598909 0
1220.259309226065 368.0220800429604 0
1215.23682192328 347.0228255305922 0
1198.811101942667 362.1905315274639 0
1193.798668512447 339.8165608593503 0
1209.648349541026 324.6718527562307 0
1188.912260435855 317.3237894290959 0
1207.11665619612 303.2541224575915 0
1171.013166904359 332.6541609022383 0
1166.684058246411 308.6337562686041 0
1147.7873937957 324.4314107094599 0
1143.524006779019 298.9241730900384 0
1122.863506112243 315.5134617766104 0
1118.777715155661 291.635083136505 0
1097.0335020915 307.9305653371912 0
1139.430942577158 274.4977139467395 0
1094.783012193319 278.5795094318203 0
1067.511189977215 304.4090033078525 0
1065.206167818767 272.713892584472 0
1040.920825461034 291.0971508557905 0
1038.371110668133 263.0962814773933 0
1015.723457190662 281.1505294457893 0
1270.184903753262 346.3763141959735 0
1010.807642912155 254.5203666172417 0
988.9217348701009 272.5653926080637 0
995.2638994230655 301.6103759674091 0
966.7430613718881 292.3341041695627 0
960.4211547647989 263.8822937577355 0
937.8621585071023 282.5314749031356 0
943.9454369326891 312.5287339341872 0
914.798717134558 302.5366412500663 0
908.9689161411336 272.1963916134076 0
885.4560099293386 292.4892613292147 0
879.5514748897764 261.8404176866618 0
855.8415980856801 282.3379100939077 0
861.8638934073613 313.1709359380372 0
832.0235837422878 303.0308735238899 0
825.942046047981 271.9269105328108 0
801.914074611891 292.7536932748509 0
795.8542024841332 261.4360648265231 0
771.6510841639806 282.3890893798745 0
1080.807908531353 324.9912706533328 0
777.8023964809711 313.8393349212121 0
747.4000494198207 303.4686085202926 0
741.2392158283046 271.8862052727017 0
716.8771587624825 293.0052416442726 0
710.6686877110942 261.2906033209954 0
686.193969102716 282.5363471943891 0
680.0270420372785 250.6186879277403 0
655.4408342360612 271.939254883119 0
661.6670944031022 303.9248565859176 0
630.8286391035964 293.3234627042825 0
624.607443221299 261.2811390943027 0
599.9300075588061 282.699963484596 0
593.7081874166429 250.5875663858446 0
568.9766703364932 272.0499556801992 0
575.2323536558775 304.2017897094757 0
544.2345189685535 293.5514779120519 0
537.97747581752 261.351491798347 0
513.1951230523541 282.8715060767129 0
506.939076658095 250.6336266662271 0
482.1380267046954 272.1812649380527 0
488.4092531235073 304.4267047201499 0
457.3398094270831 293.7410418006046 0
451.0696356245094 261.4858721397015 0
426.2683293414718 283.0457965562093 0
419.9986185321957 250.7899224336772 0
395.2030670284059 272.3510391173485 0
401.4772121014973 304.5968112961733 0
370.4159098313684 293.9007321227417 0
364.1508339797084 261.6615328290627 0
339.362253199067 283.2036492666348 0
333.038694619939 250.8771531832537 0
308.23969282741 272.3865410450192 0
314.5700808544691 304.7094137604805 0
283.4577491625582 293.9900234928664 0
276.8470051499028 261.5512773322401 0
1282.631859391821 403.8031752351695 0
1329.27565035415 412.8008711359151 0
1062.169689017448 246.5201177421852 0
289.7936790361819 326.2452259409267 0
258.600586150036 315.4954845196106 0
753.6039223887586 335.0759740431249 0
1203.99562178445 384.3970569791419 0
1372.974785076481 428.4491319423944 0
265.00503140592 347.7643501603268 0
296.0076898537993 358.4132988770787 0
233.930560570366 337.0704051090696 0
704.5181939126874 229.573559636514 0
240.2044669516493 369.2436345374657 0
1319.056017574213 367.631341642092 0
1498.895381286173 383.7157065727685 0
1450.140491805178 437.18334245476 0
209.2321946709887 358.6153430733849 0
202.7893947037844 326.3399849032518 0
3802.841036256144 214.2975559238806 0
1377.36731874106 387.5934078510242 0
3815.723169374025 244.5163776357439 0
215.4542443579386 390.7766730557142 0
1578.587775936519 137.9046762721423 0
1514.121455207699 439.9389115554906 0
1538.490730199521 443.7739436571869 0
1434.790092689505 387.271926726641 0
3757.314177930864 180.0807067023179 0
3724.653109383286 176.1110068039504 0
184.4817933255379 380.1483835334049 0
1511.393086651009 187.2882693745167 0
1518.193711684818 201.6135798997524 0
1502.9708371596 200.8835413367813 0
1509.313354621591 213.6508928893082 0
1495.926554727439 212.589353754863 0
1501.809115861978 224.8853951971068 0
1514.544476745529 225.9011738372101 0
1507.207716049235 236.6092954158 0
1489.23897492893 223.6773582059792 0
1483.44701647646 212.5671284477643 0
1476.94034448516 223.7818366795514 0
1471.63041703213 212.749067618993 0
1465.569262916926 222.7027599580322 0
1460.040094945591 212.3978109843431 0
1453.535535094325 222.3420062832678 0
1448.468592625796 212.1730699151838 0
1442.54957215481 221.8762817080008 0
1436.743411284301 211.7287672347018 0
1442.440128522438 201.6263179951399 0
1430.499278771963 201.1481313164217 0
1424.391582774332 212.3892202880367 0
1417.870392510977 201.2068470511496 0
1424.299363033597 189.647032867646 0
1410.823365522797 189.888455051814 0
1404.520526396372 202.0312219309727 0
1397.273270499538 190.6344434356652 0
1391.419605119066 202.2345411157809 0
1383.721988036147 191.151901193951 0
1378.043568068975 204.845625734489 0
1370.004190628873 191.8275095006221 0
1363.476598178858 204.3791704842474 0
1355.669333637113 192.0860251352626 0
1348.836011889508 205.1019546199677 0
1340.885725257719 192.4278578950116 0
1333.587473249825 206.2152628789605 0
1324.941641420974 192.7826988576569 0
1376.398834577176 178.9825729796113 0
1332.75139261612 178.5070806558633 0
1315.43390352548 178.7587085525468 0
1317.885700683824 207.3482690732682 0
1324.711637991572 162.7852896011851 0
1305.293045301756 163.4615214797869 0
1326.946347975372 220.6328337829363 0
1310.796610283441 221.8068027325963 0
1322.120946794982 235.61958400694 0
1304.190911468762 236.2404642043817 0
1294.330551294788 222.7209365145073 0
1313.076367338968 249.0774604347721 0
1297.054701247791 250.4464140777437 0
1308.015109739055 264.1784863072776 0
1417.018921233133 177.3770810739347 0
1314.636199847589 146.6396073719978 0
1294.915421722909 147.0982562474855 0
1290.203857676906 264.8021284062406 0
1299.191692256742 277.6813658031741 0
1285.436284398035 164.929624229741 0
1274.261987257572 147.7961622427999 0
1264.575454375184 166.5428741928515 0
1252.634225582612 148.1452931655163 0
1242.353330627856 168.1438132781385 0
1229.824852082804 148.8092538846869 0
1219.024352624558 169.9131365233661 0
1205.843301985865 149.5984646133737 0
1194.525602510568 171.7557391770564 0
1180.706707208938 150.5100191830557 0
1168.998962644433 173.5670424486104 0
1154.52123556413 151.4757186772942 0
1519.79368819856 237.5498878118533 0
1512.338780725553 247.8687347556259 0
1398.61500898129 213.1601802588187 0
1208.323580863875 192.7035255301098 0
1334.848761971632 146.1504122612211 0
1265.349998495534 130.0670838055172 0
190.7415371482639 412.3609157949736 0
221.6063251323478 422.9269206767156 0
1356.765187200238 217.0044852674896 0
463.6195940011947 325.9952768892159 0
3553.246103675194 356.6436250289252 0
3736.845740205059 349.7726103219709 0
3769.491967237029 353.6996339590149 0
3749.775190585081 380.005174350773 0
3782.416072675255 383.9126389128214 0
3802.114814225586 357.6330887805684 0
3815.030722895093 387.8100596691659 0
3762.709148650771 410.2371704460613 0
3834.704817481427 361.5597511889359 0
550.5077347267055 325.7486757600839 0
2935.822456200387 368.9000870913169 0
2804.553933138652 353.1087049154107 0
2732.771351050968 257.9895806369215 0
2752.595239299275 231.5440055422675 0
2719.780706786258 227.5982946109432 0
2739.604594501741 201.1525440656307 0
2706.789027060191 197.2174767615703 0
2772.420053659398 205.0982937671326 0
2759.428906579988 174.7057000359787 0
2792.245688984804 178.6515320426671 0
2404.193148688653 362.4976467588286 0
444.8010257474732 229.2235119233068 0
413.7135823654253 218.5212859888729 0
438.5313058174442 196.939191284433 0
407.4254770751364 186.2220023888335 0
581.5099668466795 336.3494293601621 0
556.7897541340278 357.9555729117853 0
587.8218825226392 368.5796807678678 0
563.0694182422154 390.2014546468379 0
594.0393022590761 400.7531130698283 0
531.7519204122916 229.0968108615318 0
2221.13555776973 369.0676491491836 0
1282.682933145616 279.2797307798041 0
1273.122406011531 265.4192753164722 0
784.0160108100805 345.2758885768788 0
759.8004661842681 366.7215803518842 0
790.345337058901 376.9937557337319 0
766.0712260560822 398.4857835494367 0
796.7231102638359 408.8968909822839 0
618.5190613067623 229.1646918831261 0
432.2710515065703 164.6233492472039 0
735.3845787977905 388.0338995827342 0
3730.057016002059 406.3418462638418 0
820.0056087177336 240.5761234058843 0
1991.180216931008 255.6994521191182 0
903.3008259750183 241.4647469348764 0
3835.429817484932 218.2453443839151 0
3822.560911221757 188.0483929757378 0
920.8614230237355 332.7505763331989 0
950.0953299378746 342.6870481277064 0
926.9311715870858 363.0190448236152 0
956.4125394235919 372.9804870943386 0
933.0368507904773 393.3813025393457 0
962.697632995999 403.4247768983206 0
939.1334555589872 424.0441629559883 0
968.8368724000112 433.9400013167898 0
992.2897175005405 413.3905369653545 0
1863.864536218952 242.6475419910491 0
159.7297094235056 401.6879408347402 0
153.3053170118181 369.3283631163659 0
741.6394257296374 419.9098079342247 0
1153.202127969061 346.9902058266292 0
3848.33286193444 248.5043564514178 0
401.1281891131955 153.9049014634382 0
1323.425832447496 129.1488329498221 0
1345.229681146271 128.5556970732337 0
569.335453807859 422.457678980027 0
538.2673457240959 411.8035464802319 0
1347.914138480931 379.5841068537213 0
600.2265617354269 432.5360889650037 0
3847.611998207142 391.7152685426767 0
3827.962649231386 417.9637767437827 0
1314.381890615821 277.8652013153883 0
1307.547786194253 289.9819941604869 0
1432.253573618085 177.4989506243892 0
1424.071325813196 163.9230786300982 0
1525.601374187525 104.4881828518698 0
1217.38605847106 129.576908445066 0
1244.896382732429 392.9752325616682 0
165.9885475132072 433.8997766449943 0
998.4720247424362 443.7625836856717 0
1022.037403786314 423.5526909650943 0
3855.13433220265 191.9963508124813 0
3842.270259976911 161.8097092391566 0
2779.253938693969 148.2581003218039 0
2812.071372402472 152.2037654997064 0
2746.441551507764 144.3162461921163 0
1523.950099341716 460.8749408139746 0
1547.083348020908 465.2520847811498 0
1525.209799108095 249.1650053794963 0
1517.664491756809 259.5071956887689 0
3745.184258692831 148.2721870709014 0
3711.854332685127 145.443671096504 0
3691.973498038604 172.0829656599494 0
3679.022066490887 141.7138780501836 0
3659.207844334892 168.1757515025985 0
3646.250829191304 137.8594941718455 0
3626.461043356202 164.2471932629879 0
1142.453067930771 175.7933860994528 0
1127.407201017214 152.6529575104666 0
1465.350245586128 202.0630409105592 0
1329.035909387812 250.4437913937456 0
3613.481203675148 133.9150287336349 0
3593.691056271174 160.250864544458 0
3860.528398833716 421.8661770647255 0
3840.866926394768 448.1260619903676 0
1634.042371931666 362.8754269470116 0
1643.472274417205 386.2327772838436 0
1628.123771869168 405.823449785949 0
1653.135659458866 409.7622320208496 0
1669.496991865405 388.9501101983685 0
1679.446041016802 413.8554381789872 0
1636.982403574384 429.9410381693572 0
1696.005223896372 392.6319047023519 0
1706.526806329899 418.0531562169111 0
1689.312358138841 439.6966933345241 0
1717.018812823397 444.1111415279203 0
1734.687138035779 421.7616733165181 0
1745.650065353237 448.5367003565574 0
1763.921458439266 424.7467364718439 0
1774.99455570521 452.8726225663214 0
1793.684599838782 428.4986823158135 0
1804.975326542565 457.3162396730566 0
1823.965537968212 432.8579914082466 0
3742.989488809787 436.5992532703581 0
3710.298969743654 432.6923995051038 0
3580.69894978218 129.9438885911898 0
3560.877868562508 156.3116460851675 0
1835.4321073818 462.6120192653632 0
1854.802004235644 437.0317968333987 0
1027.813270294763 453.335187733547 0
1051.241980629812 433.6071486593938 0
945.2550927750099 454.8353517364525 0
915.2699651152017 444.7962252957016 0
1534.715288591188 236.4868024595354 0
1482.797358945682 233.2005079941557 0
1166.990870703424 127.804222407879 0
134.9758701935624 423.2230579735152 0
3867.259722273899 365.474477340054 0
1321.598036150016 287.8066114236558 0
1317.857941105398 300.6251717260466 0
425.9838857685157 132.2859750912236 0
457.1443765709263 143.0163638833025 0
544.538164600796 444.0879878340937 0
513.4132969915512 433.4113853566356 0
1056.689151887582 462.8007871827504 0
1079.309060502464 443.2135496394515 0
1301.716736571733 303.8644460558266 0
1310.836615751798 314.5820326423177 0
1333.140556289126 109.9908662344308 0
1356.236445993343 109.6982315713736 0
1324.496718054279 313.1562613955545 0
1812.437964736649 403.4375741459263 0
3547.900472333594 125.9801092404598 0
3528.066768163798 152.4061319353542 0
3515.094727571454 122.0231047608972 0
3495.258539949176 148.4581136127722 0
903.704973680007 383.6068494426852 0
710.8249160004709 409.3876922822201 0
716.5505285444862 440.7274981191247 0
748.0231080854782 451.885030825784 0
1327.574112420932 277.789814103736 0
3482.285381973762 118.0621212615832 0
3462.413706219862 144.4716901982654 0
3874.840151821894 165.7777468859421 0
3861.992625015037 135.5845459089749 0
1866.448891591079 467.3143635444852 0
1886.040476458373 441.5542001776244 0
1897.892820198319 471.1652785407607 0
1917.666276057511 445.9702549773777 0
1905.588310946185 416.2182967288123 0
1937.318360487155 420.6365835036337 0
1949.544828173362 450.4291549517031 0
1969.318609139701 424.9375608541095 0
1981.578293265722 454.8652218567525 0
2001.477418221413 429.1775949718536 0
2013.78784787332 459.2975789874159 0
2033.748790513683 433.4923326668936 0
2046.099798136693 463.7328962138907 0
2066.098585786822 437.8866193607294 0
2078.503922752782 468.1777158995066 0
2098.538977922486 442.2783077239746 0
1530.542485882298 261.0601541584099 0
1521.05282780467 272.3747546189215 0
1441.058063386909 164.2222782584091 0
1447.404278913474 231.5678581222657 0
1437.324013646934 231.1039792600977 0
3448.692471284208 257.6397276108154 0
2968.641533354595 372.8472864408232 0
2948.813416044739 399.2961695099066 0
2981.632994221512 403.2434417759592 0
2961.804768129838 429.6924661481474 0
2994.624673877794 433.6397854671545 0
2928.985015905721 425.7450370665674 0
2825.063059330482 182.5976542229956 0
2844.889407356614 156.1495436896101 0
2857.881253425468 186.5439670426474 0
2877.554559042735 161.3707387521272 0
2890.67436488468 190.7028470499419 0
2910.343698462239 165.5646700911633 0
2483.360517428705 256.8620000451659 0
2503.167862000369 230.435610253603 0
2470.37870608225 226.4885394092995 0
2490.184436257081 200.0672906846509 0
2457.394051448916 196.1308747741629 0
2522.976114064088 204.008254856474 0
2509.991275499419 173.6356005211325 0
2542.790620869444 177.5757997121358 0
2529.80137426458 147.1980403674007 0
2562.604865277294 151.137797165984 0
2496.999278566658 143.2601996078563 0
2923.484161265023 194.7258533212288 0
2943.30993812618 168.289374319045 0
2927.715963241187 135.2614385215695 0
2962.728002051065 141.1995774254456 0
2976.108693774063 171.9293479780096 0
2995.93526112911 145.2161943558475 0
3008.966953447622 175.8348193397292 0
3028.826437227569 149.167365931503 0
3041.805487503955 179.775261070582 0
3061.636428619083 153.3240502223098 0
3873.450746242921 452.0249931800034 0
3074.627184860015 183.7685421141106 0
3094.45551550044 157.3132597253385 0
3107.447912348572 187.7178617628164 0
3127.276039398434 161.2672431050571 0
3140.268671972447 191.6659904394185 0
3160.096880331967 165.2151796939997 0
3115.410233638612 131.7151574382954 0
3173.089618980723 195.6124263950053 0
3192.917876761459 169.161836508958 0
3179.925042154538 138.7648307974347 0
3212.746147954281 142.7112366885552 0
3225.738972130896 173.1083717583579 0
3245.567299286304 146.6576884402625 0
3258.56013404454 177.0548894592297 0
3278.38846861036 150.60430867487 0
3291.381273171176 181.0013193148767 0
3311.209528883733 154.5509198644877 0
3324.212754268132 184.9726572239577 0
3344.031754634937 158.5017315967629 0
3357.05588980931 189.0487344824276 0
2502.493553384836 374.363022705944 0
2482.683346478428 400.7804820475463 0
2515.471392779924 404.7321872261198 0
2495.656691375922 431.1556510641838 0
2528.452689044629 435.106845365907 0
2462.888071862845 427.1933774533321 0
1265.505499204836 280.9801819818922 0
1255.065830279312 266.1591924454247 0
2575.594057989135 181.5185658229288 0
2595.410115579561 155.0789011275494 0
376.6806018917917 326.1475709293958 0
2608.394845111268 185.4577043499239 0
376.2872827304117 175.5114087950582 0
369.9837711795277 143.1901041194821 0
345.131270616861 164.8042169739302 0
338.8352766756415 132.4803206766908 0
313.9431781125908 154.0483337084487 0
307.6816559593623 121.7594818296222 0
282.7884187212087 143.3268118833138 0
2253.660042480537 372.890808655225 0
2234.158280746586 399.1431216033882 0
2266.633850694156 403.1500442608327 0
2247.051290392107 429.3996733478299 0
2279.572479636458 433.4406613566503 0
2215.117549488562 426.6194695826608 0
2259.964079437982 459.7129188990378 0
2292.50723815985 463.7602886626594 0
2628.211542465455 159.0154198995918 0
2615.226714042942 128.6344848073851 0
2648.030230825571 132.5707215773567 0
3829.531257227429 131.7098904854282 0
3639.442831295335 194.4814886628437 0
2312.27100144418 437.40310345634 0
789.7812375043825 229.9809694293484 0
814.1718838860697 208.9532649649429 0
783.7266707403371 198.3647944220079 0
808.2376570423287 177.2407309692267 0
777.6369494654257 166.6042389892498 0
802.1792766033788 145.4571744998432 0
832.7985433501331 156.1166733364788 0
771.5052103918844 134.7231232204693 0
3541.064828960676 182.7115749840445 0
141.8578569691358 453.6132073569895 0
1016.000722878623 393.4559762963281 0
2869.110240441803 127.8066448422018 0
519.7664413305185 465.5316351774014 0
488.5489426583578 454.9843021325323 0
482.3059406259048 422.7077288820882 0
457.3872204019413 444.2926006199348 0
451.1980218133957 412.0161610613696 0
426.2399491975701 433.6041423785935 0
2766.262856574707 117.8647896098899 0
2325.216063631701 467.7419218931912 0
2345.018998648047 441.3548393813592 0
746.9063960424337 155.9806871597676 0
740.7405980825815 123.9935015687539 0
716.0421624814917 145.3429699757514 0
2358.024887112869 471.2535094447161 0
2941.97637953192 456.1415725896287 0
2909.15643851369 452.1940995874002 0
618.7884508375248 379.06273384877 0
2475.842724335743 457.5787940010931 0
2733.45392478049 113.9329761697946 0
1115.128541206684 178.1809245184473 0
1099.611226091061 153.8222874063653 0
1112.45865805599 128.6381272765714 0
1083.79315055017 129.7468302590987 0
1070.489791781746 155.9516161567495 0
1054.38390855407 131.1208735812949 0
1041.01096209992 157.6507330872635 0
1024.583742050375 133.2197012496118 0
1010.962109473641 159.572134961314 0
994.3148741103274 134.7750580565697 0
980.4614676146978 161.4930779997904 0
963.5478512701825 135.618734852656 0
3331.037865094261 128.1014912069882 0
3363.85802378167 132.0484705106385 0
1699.305076094144 466.3673604486605 0
1753.118462965269 397.8967697785512 0
949.5993332407782 163.4977388346512 0
933.6483834808535 136.4350512767465 0
173.1336669991942 463.7270689718405 0
1085.073029189858 472.2401633452017 0
1106.892854865293 452.464039164541 0
1101.410988290688 423.9445950021798 0
1128.206567660015 433.266446047968 0
1133.955266839558 461.0862998490139 0
1155.031788381371 442.2277144640838 0
1160.588047142673 469.468906420214 0
1181.208540159105 451.4830738330373 0
1366.124067950677 129.2958092739866 0
1377.159258328606 111.5351841973025 0
1186.564773974014 477.8313058792543 0
1206.466466286296 460.0175471606713 0
3049.27487642464 117.5214861216106 0
1166.587101887648 494.4322326396469 0
1318.894568932212 325.3890609629287 0
1331.831894412173 323.2665615282789 0
1345.062842267835 89.4054397141993 0
1157.515669303872 197.6478133142732 0
1211.94516341881 486.0445635882205 0
1231.480927424116 468.5567213039506 0
1236.924501100484 494.2754338240896 0
1255.978779675008 476.6658247107152 0
1630.900419263735 206.1231351884027 0
3449.375341933681 113.9847455555721 0
1505.079559292271 257.644426554363 0
826.7498885425548 124.3162691788286 0
1256.694456895439 185.0644680121196 0
2111.060366313378 472.0843253169631 0
432.5143045920679 465.9269547749262 0
401.3492696150011 455.1956561524269 0
395.0987011606699 422.896034610524 0
370.1970047829373 444.4641441192003 0
1432.523201562736 149.4827424671427 0
709.8556895943595 113.2196279795989 0
685.0874450468267 134.6430437276767 0
1036.428539428991 108.0159241799077 0
1533.450273474513 202.841847571222 0
915.6113249124904 162.5457536460258 0
921.9400474622007 475.919951431067 0
892.5616974195733 467.8163024807973 0
3266.549433654122 118.1545752221263 0
1334.090041918253 286.2326826304284 0
3723.244117719101 462.9748594742303 0
3690.511674487645 459.0497964476505 0
3755.984395949313 466.7166687131335 0
550.6045076342805 476.2917266869395 0
1320.201559608935 90.11146316035121 0
1531.081537612086 483.2833780237632 0
1507.384093780671 477.8376379420238 0
1554.89968228893 488.1620240430333 0
1571.304338213856 469.3188308449458 0
1579.939961250333 493.0118652110179 0
2516.810813351432 116.8180479717227 0
2484.008528962958 112.8836869544368 0
3732.443586013538 116.0560218431953 0
2980.461856050599 113.5238279877075 0
1629.156472066102 306.2798454026586 0
946.824233603119 109.0376219972105 0
916.563172368931 109.8679827134094 0
1005.131471527785 474.0767643325946 0
3887.664779383243 196.0535355214517 0
1414.7598492665 149.5793631192977 0
276.5332222573097 111.0455992018307 0
251.6904620260765 132.6764834556749 0
257.8719369138857 164.9072480323831 0
226.8491559195041 154.2535214885563 0
220.582764429147 121.9922897769046 0
195.7927309675952 143.5988157364771 0
202.0742571274549 175.8438163403439 0
171.0312813938413 165.1838090662063 0
177.3079914340913 197.3803464456236 0
146.2927608827945 186.7335628995178 0
152.5779080918932 218.8990632747222 0
140.0154672717826 154.5636460584944 0
183.5734198278212 229.5598726935735 0
158.8490911243186 251.0539206412931 0
127.8790418729367 240.407020397907 0
134.1429332901694 272.5349623951261 0
189.4990676074928 111.3606951315489 0
1449.766272697112 149.7433954915355 0
3853.779002267589 478.315241370031 0
3886.381388440743 482.1922234246618 0
1756.352332006726 475.9209049813901 0
1535.664260388268 273.0730648398513 0
1527.758276772685 283.9634197702517 0
1515.087600898815 283.7102730395803 0
1520.311418071329 294.2082503386936 0
1541.647171777564 262.9705052253884 0
1508.443301546355 292.7261934089051 0
1512.75019130788 303.4297871989417 0
1524.798280084403 305.294884596027 0
1516.870075769752 314.9997332148822 0
1529.877092413715 317.0776940060723 0
1521.447097897976 327.4720197261652 0
1506.851702437855 323.7083848644622 0
1512.568765846323 337.3077914327843 0
1500.056692779979 334.8492381616362 0
1534.365912016693 329.5433605046063 0
115.3131030018938 176.0855258347013 0
109.0189460860855 143.9476398874995 0
3854.374921874251 335.3430432597233 0
3886.896491197934 339.2550470658216 0
2686.971294572912 223.6576500673979 0
3907.361610943393 169.7670969958659 0
2024.16789365685 487.2292788529178 0
1263.464649527174 249.7740958954822 0
1244.374717417998 250.4034018593113 0
2377.760758030077 445.2513381618727 0
2390.764255654394 475.2220167365588 0
3677.588894317679 428.7809893279488 0
3657.790862492471 455.156343420401 0
111.4574864225801 444.2294257918473 0
104.190589990732 412.4907738388252 0
3475.414851742894 174.8897968980885 0
3442.568045166056 170.9028389220034 0
364.0112939273316 412.1668426207449 0
339.0611218742883 433.734447633523 0
345.3273187322246 466.0690572362986 0
314.1712416266459 455.3331910230832 0
3199.753288508859 112.3140749424345 0
1336.495103693454 312.409429016929 0
1343.133267168319 321.5931139699466 0
1338.919323989386 331.9492703493169 0
1349.765058440565 330.1663922978288 0
1346.064476216556 340.2353323039999 0
1356.435181913822 338.4533678508519 0
686.1044483948563 430.7125171877846 0
691.8383838905195 462.1451123805649 0
704.7080009491228 377.5168816445397 0
450.8567617864264 110.6600116418324 0
482.0250423902846 121.4009137453463 0
488.3045161069861 153.7638299411077 0
513.1932081535858 132.1385697016191 0
1097.174772700919 103.8514872617897 0
1251.17878874264 452.0858868355708 0
1274.018236827937 459.9449343376539 0
1279.582353032572 483.5594949246462 0
1297.282775565772 467.478249366605 0
1302.530300587205 490.4259256484703 0
1320.206575223548 474.5281949546683 0
1325.768427738873 496.4931688075527 0
1342.62806603156 480.5308765847865 0
1348.720036774382 503.7283947227522 0
1364.90144093509 487.7737872591152 0
494.8371005080034 487.3687581595619 0
3848.982797600329 106.7251726860229 0
3881.714205213288 109.5644550408682 0
3818.155938596347 102.3354520506156 0
1423.787082975069 133.6476520979479 0
2131.083824922101 446.5844619659111 0
2143.620136285478 476.4209552688698 0
1352.903492752742 348.4760413164941 0
1364.524413181606 345.5318457709042 0
820.789655970156 387.2305044937286 0
506.9119406228536 99.77687550294885 0
538.0799891999602 110.5357806925392 0
544.351494184433 142.8846387354083 0
569.2236216451695 121.2960415909296 0
575.4721918491749 153.6366764034398 0
600.2200016688153 132.3609856479018 0
3666.05869328649 111.511743172891 0
1504.194113529098 347.133414151931 0
1492.848107658036 344.5948269321075 0
3469.296430945738 87.64320717353277 0
1685.729286443486 367.2922285015537 0
363.4347122683621 111.7958843785187 0
1149.314505847046 415.3258357968289 0
1503.87058392508 283.3101333015188 0
679.191089345961 102.3640360809295 0
1516.669000498691 349.7251164725905 0
120.5581006802626 477.9311131310424 0
3899.770333071572 369.3511071733694 0
1541.999347820515 285.7543539011957 0
1305.041194519249 327.818647413488 0
826.8842680739044 419.3590265460983 0
2922.147809763916 482.5908530800494 0
2889.327760086059 478.6432497591082 0
2876.336492927122 448.2467768429143 0
2856.561458417866 474.2508043184387 0
2843.525723278883 444.2253764207541 0
2823.763744344319 470.1231660714517 0
2810.711800308712 440.2356981858459 0
2790.895920487821 466.5832535020525 0
2777.885930381093 436.349570984525 0
2758.05719905189 462.807087768 0
2745.063041305028 432.4438534736221 0
2725.235627709699 458.8950421014976 0
2954.931324090787 486.5108906071871 0
2770.291627532733 494.120269718937 0
1339.672265619976 276.70732986585 0
1468.997118134286 441.5943387324861 0
1455.540474055567 456.4515725021438 0
1435.739696129645 451.4941621766889 0
1441.24763989903 472.0167186534668 0
1419.901864200003 466.6290881486455 0
1425.936743761279 488.4565130734682 0
1447.787867463815 493.4823017573056 0
1442.247579265184 239.9938392586273 0
1432.426375491672 239.7546093367718 0
1451.613658804557 240.4770696121527 0
1335.36789968568 342.2446189667691 0
1574.621391530442 215.7878111599231 0
1027.724399695882 184.4689342123777 0
966.9944716444078 189.1267580662914 0
1514.712409591326 501.7004143817734 0
1816.105740669708 486.4023837799321 0
2634.735596003678 102.3207481995312 0
2602.184129701192 98.27187293352159 0
1597.905059780557 472.9625988779201 0
1606.832975218769 499.5490603984055 0
1228.392057609128 313.1255928427105 0
1960.920987036258 478.9466526100225 0
593.482522853365 102.0139471538492 0
3600.445065410411 104.1953239717707 0
1336.058955235319 457.6480093953113 0
1501.555422533739 301.0878593940845 0
103.207989894626 261.8913768605713 0
109.459504194737 294.0010037321557 0
1458.187723860109 164.8488929912546 0
764.8165488301048 104.4400922038444 0
1496.097441644325 187.0014771340336 0
407.6328821440949 487.5521757213792 0
2272.700656078008 490.1339221578654 0
2239.901900646801 486.1728715969381 0
1360.368680799364 357.1128011772394 0
1370.695558712282 354.6951081814108 0
1374.925602595804 345.2323327157055 0
1380.689594844016 352.873553641361 0
1383.983621948679 343.6355977069485 0
1390.263274766464 351.0292019857792 0
1392.944829278476 341.7942404613267 0
1399.65581141721 348.9933935582121 0
1396.662715859726 358.3638861728226 0
1406.714946486849 356.715274989175 0
1409.210374689527 345.4997169545027 0
1416.528174339042 354.178236706402 0
1419.367543601919 344.7035428131823 0
1426.246253409465 352.0837806968777 0
1413.205371638736 364.9221644345567 0
1429.253760579376 342.6334970731289 0
1436.325920028249 349.6236064719474 0
1585.33300996404 517.8725524533527 0
3670.810888934352 484.8298908876343 0
3638.104534752944 480.3894834143712 0
3625.035251367754 451.0556091181943 0
3605.254548412821 477.0073056173248 0
3592.208035701419 447.1515867309703 0
3572.447976091211 473.1121103261199 0
3559.403444116315 443.1860553409547 0
3539.593627579761 469.5657112246793 0
3526.58662453968 439.3039980774234 0
3506.765925827604 465.7595827003175 0
3493.811037716187 435.4243027305816 0
3473.954467497794 461.8515939014536 0
3461.04949191562 431.5740267338782 0
3441.18789202692 457.962014569187 0
3455.004410068092 488.2246096224904 0
3421.671911395634 482.6125709595672 0
3408.415996329602 453.7690661413731 0
3388.68583270941 479.0874823614627 0
3375.534787825855 449.8230600082513 0
3355.827388452118 475.2142271052102 0
3342.703651716765 445.8400024630743 0
3322.912468678571 471.9913071045122 0
3309.865108462342 442.0105297643391 0
3290.072594982506 468.1876219529742 0
3277.037740275897 438.1099113829547 0
3257.211631684039 464.5698861393105 0
3244.208620561511 434.2284353906157 0
3224.382227215595 460.6916509316286 0
3211.384441263678 430.3067593835374 0
3191.558857484883 456.7632875634827 0
3204.555261826226 487.1595271285817 0
3171.733189623134 483.2204265656439 0
3158.736791250316 452.8243336686952 0
3138.911542375625 479.2779756926093 0
3125.915129999267 448.8823949526828 0
3106.089955590172 475.3354933465491 0
3093.093593267705 444.9399601783021 0
3073.268470229549 471.3928920625253 0
3906.025449828571 455.9276615304823 0
1253.513682808611 232.6729249938304 0
1232.963939330117 233.4248401644352 0
1223.369200244136 251.6882623391891 0
1211.237524875396 234.1156327939963 0
1201.0905991277 253.8485012466769 0
2086.087843598697 411.996295517751 0
1433.331970673014 360.054172867105 0
1443.451144901269 357.0611246511865 0
1446.029671580303 346.7797158099303 0
1454.266006360365 353.9475834713468 0
1450.22437181633 365.535047515029 0
1461.998633380031 362.5846739958395 0
1464.95784532705 350.3341035850521 0
1988.858069200672 399.3531794364529 0
3350.656580645831 103.3899475200678 0
1427.544307889837 231.4309004831842 0
1422.846622447913 239.8257171576269 0
1418.056107414251 231.7876146692701 0
1413.563065794283 239.9966993487331 0
1062.666426952748 492.3251208043712 0
1624.296324565369 477.4632298373979 0
1285.751293705468 508.6748813865821 0
1588.550172080154 445.5784994527521 0
1345.073430331889 285.6709487712648 0
1925.13827479667 390.990736185717 0
1893.530919893331 386.6156800533315 0
1473.839033347851 358.2403303808635 0
3521.206022045717 497.4383620837124 0
321.0910063036119 489.1181351950753 0
289.3895774102251 477.1834621990195 0
981.0678510356867 352.4812290042493 0
1292.335774673451 444.8652287374508 0
531.8120763772738 78.15671924048792 0
214.2806908608067 89.72138019630634 0
140.3960958359452 304.6521566686775 0
115.7124698918643 326.1458529759047 0
84.7890397328184 315.4692390749449 0
91.10860913783031 347.7357149042383 0
1418.190117072682 247.5784821077068 0
1408.592247057293 231.9156766014004 0
1404.165837114148 241.6445047397148 0
1399.110412851719 232.3861639571847 0
1394.460637295596 240.5047209768647 0
1389.505930144218 232.2384608694273 0
1384.450752850278 240.7065890499147 0
1379.809098426232 232.3726780641414 0
1374.865996399562 240.914814557583 0
1494.591489991727 324.117760089342 0
3874.030434324098 309.0709555671203 0
3841.49333980991 305.032055060088 0
189.9037121628329 261.7892980866347 0
214.5822046408086 240.2261288596888 0
606.5517738064048 164.4037203715318 0
3383.617253275534 105.9021115153416 0
3533.966931510226 91.8006407469355 0
1635.944962962111 504.7115601334947 0
96.93456090164153 229.7602671500532 0
320.2853183337849 186.4192013630915 0
3060.195721073775 441.1192252574471 0
2252.623219958151 518.2631174436033 0
2437.591973035519 222.5475659340017 0
2424.607403150022 192.1949572439669 0
2404.809292972988 218.6131251951589 0
2391.829360086954 188.2593774233786 0
2411.625063908823 161.8381297099843 0
2378.842784860733 157.9032935927027 0
2398.639539040054 131.4755311804702 0
2365.85149806837 127.5438683201345 0
2346.056578964712 153.9688132382335 0
2333.063459288527 123.6138721275809 0
2313.268509974519 150.0397153148251 0
2300.290441796386 119.692947954637 0
2280.501191870747 146.0932542073349 0
2267.531864273625 115.7680189966241 0
2247.763773680657 142.1649021854272 0
2260.705305310642 172.4684330506679 0
2227.996707529463 168.5318658862695 0
2215.044149160187 138.2603075108586 0
2195.306637970306 164.5992799059605 0
2182.359018205591 134.3497149975051 0
2162.624005417709 160.6906946515647 0
2149.698291337514 130.4428863989937 0
2129.967088170616 156.7280028395758 0
2116.850415628092 128.3573584680243 0
2097.352989404556 153.1137936405837 0
2084.22217169506 124.8142982945299 0
2064.78012307839 149.2860282643545 0
2110.280149993876 182.9857846142625 0
2208.173696768528 194.7175677112532 0
2051.889913110253 119.1912623443322 0
2032.308344447189 145.0784964088683 0
2019.450728647202 114.9742467403391 0
1999.879185336367 141.0320083629824 0
1986.978076138061 111.6600097157354 0
1967.473209543203 137.0875388549485 0
1954.661474124137 107.9209837160105 0
1935.256237983922 133.1314717549133 0
1980.436918361713 166.2808234253355 0
2046.669106999204 173.3283002879524 0
2326.235474830637 180.3790044870973 0
1922.616031769874 103.4975576653976 0
1903.340989256317 129.2273254849973 0
1915.911289249227 158.6556339324206 0
1884.211917109259 154.637764302808 0
1871.751964313058 125.5119693947244 0
1852.778493252793 150.7071423177377 0
1840.544692711981 120.7830500156558 0
1821.227784633921 147.0636003242454 0
1809.491285063239 117.0508030084 0
1790.133315601998 143.3595387728089 0
1778.75723333884 113.9448959582831 0
1760.091411977332 139.2169779962286 0
1748.59464185048 110.5082854658996 0
1730.122391601468 135.1559016414454 0
1718.731418505388 107.9557031302053 0
1700.778905263645 131.323630596954 0
1689.681602765299 104.7577707914278 0
1742.025906411524 162.8987121525658 0
1672.553534518365 127.3874518649211 0
1661.570658614911 102.1246003416689 0
1682.810559511848 153.3596429884032 0
1675.325203585257 78.9301515645208 0
1833.48803141078 176.0031472607454 0
2073.499025667802 91.12508954953903 0
2170.371669830101 106.0078044181323 0
1797.481818439883 86.75917318193089 0
2385.653765784522 101.1078499487759 0
1859.116747769805 96.59384457895692 0
1896.649462102388 183.9003888387931 0
2320.074930571316 93.26261920196464 0
1929.316307843804 188.7296008247836 0
2372.039885887027 214.6760047142585 0
133.7143089607463 122.4094996720396 0
102.70258687651 111.799300436508 0
2712.244320304739 428.509600907259 0
2692.417711147485 454.9562568010081 0
2705.40778947359 485.3499434846892 0
2672.708342598131 480.4257540976264 0
2659.620712097847 450.8481038215553 0
2639.915390028597 476.2880931608553 0
2626.820149335053 446.8393020133876 0
2607.004771273955 473.2620736089008 0
2689.735560951579 509.909436747249 0
2646.615649160148 420.5877023642772 0
2613.815393784515 416.6159328156766 0
2764.896955467097 405.9962629208549 0
2830.52824360128 413.8814800202209 0
3318.045488153064 97.7047976781579 0
3166.932162254393 108.3676754308556 0
3304.365384284153 211.4327442535934 0
2903.686656248033 220.9278773194546 0
3153.259377845472 222.0618898649061 0
3054.797185753698 210.2128341553553 0
2838.053709794683 212.9913115242177 0
2936.501578910535 224.8851754373094 0
2989.14250436828 202.3192776969327 0
3186.082330226997 226.0095096700498 0
3238.730405854511 203.5023547528098 0
407.7510401289351 336.8494166610979 0
500.6909136155158 218.3733555904297 0
2548.253872083637 408.6827007758227 0
2588.576574410027 211.896085315503 0
2621.369127622888 215.8224486195741 0
2418.327686873408 105.9695957096484 0
2668.141252008908 106.7641627903127 0
419.742616337142 99.99214493813642 0
307.9752539390909 422.9668621029909 0
494.6916301495128 336.6726832510765 0
2680.874388590753 136.5941941364935 0
587.490237672629 218.4369218554087 0
1875.974691742572 498.1328147995865 0
3821.181745918027 474.4364133392756 0
3834.090396384885 504.6537653667677 0
673.8206608399757 218.755859876535 0
802.9945023371934 440.7256401685614 0
3112.912908425064 418.5353997297805 0
3513.654437583828 409.0773406837789 0
3264.026647105539 407.8347766018762 0
3362.536048637243 419.7400484529276 0
2364.757121686656 414.9839915150537 0
2397.450191355773 419.0085313502082 0
3579.240050618733 416.9627611972442 0
951.9987989971848 486.370870562678 0
928.3616622373316 507.4154127022951 0
844.3202426649724 219.692083000749 0
3040.357465824601 467.591717586151 0
3014.453071296796 407.190404556148 0
1909.250065796113 500.8805517271098 0
1644.941109155321 123.5219237731512 0
1634.228846445179 99.12411471143693 0
1398.051995307433 248.6570175863349 0
1313.761722193311 338.6603298820489 0
2338.146567149839 498.1068477487769 0
2753.407547703885 87.57395302605843 0
2786.111838799571 91.43259700634042 0
3803.210118140005 499.9687997832664 0
3906.515697817994 313.0500457795465 0
3893.698079070746 282.8755720352813 0
1126.72028858996 102.6750972276125 0
661.4995311305815 452.2629362296515 0
668.2061661054987 482.9956289029147 0
3053.428454131694 497.8693260349953 0
3020.531081433401 494.0495065849447 0
1371.889924624534 512.2118438479063 0
3267.365367966272 496.7722940052441 0
1110.89312074339 77.79419752664778 0
700.4699496818257 495.6973419812569 0
1712.609124227262 370.9323350317554 0
78.16903944294232 438.3816644473139 0
3736.362608400624 492.2479096511561 0
2721.413776086987 84.14179152464769 0
1275.811845780334 295.3360695298229 0
1201.158080206996 435.9836852350264 0
352.854447850678 500.0084084551079 0
1188.51845871638 235.1533288708559 0
3619.39007572304 505.3349341705612 0
127.3982215832486 90.24066295237527 0
637.0797806382019 473.9016697199149 0
1431.955219493182 511.7799709728534 0
3186.728590872061 82.53173449087815 0
3220.256015562227 85.09664551183531 0
857.5025276168827 134.8523422157531 0
850.606866827992 103.1427422701628 0
820.5996634482646 92.37998251739749 0
862.545019615186 165.8451407382185 0
885.9664997702536 437.0981655399823 0
2095.032493647301 498.7175277313093 0
1377.43610286877 362.927813243107 0
1181.751529023104 378.0654343161868 0
1091.480651059414 501.5811629631688 0
1352.911858396137 530.7567505075875 0
833.7979194357496 451.0826563723719 0
809.4186138395946 472.5763655350075 0
839.7586291069838 483.0744930668402 0
815.724420492178 504.550807157616 0
785.6905963650556 494.1266730961361 0
2003.202776013668 85.4471554104427 0
441.3579917666132 502.0342362827305 0
3918.349200272989 485.7901172627691 0
1080.290584732493 79.94279745811717 0
301.3955878256211 89.42025571354442 0
1495.507968120876 356.83978919052 0
2621.045291929584 72.23137346988696 0
1298.075563163109 341.055791083895 0
1290.211361276001 328.7186796320404 0
444.4828566514544 78.56930903695236 0
183.1758774714555 79.12586511697117 0
1141.119285625179 76.73429881477588 0
2773.302199788324 60.81847447926993 0
3436.350403528395 84.23111942615625 0
1912.963490235739 361.4706004274596 0
1333.009923250429 68.36009427133533 0
1358.501765683204 67.79419343556503 0
3119.180988241725 504.942994305926 0
929.7710513723382 82.78428617635589 0
960.6554838435055 81.44310777923272 0
1446.466341207674 247.5634905862253 0
1455.528100903667 248.3034888061733 0
1460.528201898392 241.2133274653161 0
1671.017504972898 461.8735055844735 0
1681.228337912546 488.5942017773173 0
1709.643514518298 493.4734825245683 0
3332.664831364868 501.0716092954057 0
2867.369486318217 503.7416124404397 0
1735.247697817525 82.44975543786322 0
2503.763628573151 86.89643859625772 0
2536.614915349843 90.45243389998826 0
2468.890430694094 84.83428992827935 0
1370.851999107413 233.281837604115 0
1365.156178527127 240.6396836781819 0
84.3690418978661 165.4522344348397 0
1618.163949286451 119.8414618805275 0
1607.023007885232 95.49298968365784 0
838.1323139891331 334.0867086146189 0
220.8875277380554 272.436548678543 0
3396.67740306112 135.99379830581 0
637.0909028245459 325.3566193111893 0
1348.518592242147 359.1344504196963 0
550.5421702115452 175.2269532555174 0
1701.951794444443 345.8448519090287 0
1729.604742987217 348.7980643442655 0
1674.39350613831 343.4017568387133 0
2633.631526122466 390.2084792869 0
2680.140631989082 280.4938240973597 0
2561.225889632131 439.0872246767509 0
2541.416302862497 465.5043679694189 0
382.946930073379 358.408806499811 0
2916.681963111351 251.2840734589957 0
3166.245382762658 252.4536883407721 0
357.8472128783803 229.4015642048135 0
2464.203834037596 139.3314592419325 0
2673.979645416615 193.2814833586185 0
351.8588947159728 347.6511092324556 0
469.900951055644 358.2517567942243 0
2286.338802192917 376.8317378276155 0
3778.101937228536 152.15792132411 0
500.9712814899244 368.8907268698533 0
2163.644051747751 451.0705603727065 0
2175.97946597283 479.808275135101 0
2150.88034903722 420.7502612441932 0
414.0344782789257 369.115689762306 0
1384.190339819819 223.7025206222307 0
3924.936417107167 287.2504938157406 0
3913.123200917998 256.8650705528914 0
2443.094297995114 453.5738371160407 0
2456.048592027167 483.9889150221575 0
2488.821182526463 487.9587040247457 0
759.366255907315 219.4597067802248 0
3455.582655468237 201.3312436070473 0
3422.767564848892 197.3088504753223 0
3488.434553538883 205.1574258579789 0
897.4238855857008 82.54393211230284 0
1177.964968637192 256.3935642657849 0
1163.728193837033 237.0858087464514 0
1940.971984261051 78.53669790317957 0
3946.198040784566 259.7157037265378 0
1339.30446994209 295.4519577298466 0
3153.582045308801 80.61097823937368 0
667.9854782785355 335.7104449519572 0
850.4114206775871 396.7635752670574 0
1491.740567418244 497.3170834559853 0
1405.062044087527 134.2030205980337 0
1414.953386149639 116.7931558970495 0
1396.273486447021 149.3248226398856 0
2160.582687261388 503.8428597840377 0
1332.058772488682 266.9708633177178 0
1344.561449828666 267.1778225239288 0
1347.482756793825 311.6762228457908 0
722.4798825149644 177.1507629231236 0
270.4191536276541 79.50583932693129 0
1413.91910295335 337.5514257716927 0
867.8965510366452 343.8562733727418 0
655.420274727059 420.4516048901478 0
1471.451036748688 370.5209554321284 0
3919.2606382143 199.4626430890267 0
3938.729769509622 173.2018292219116 0
3926.252984154017 143.7596252280319 0
295.5666589229336 509.3022107121498 0
264.4434401816017 498.7764415496097 0
258.3726075518104 466.1662781168969 0
233.5558936620214 487.6404049466203 0
1538.866050616347 308.581916043283 0
1258.131334684418 297.1195289691897 0
1267.749049460933 311.7149924159439 0
631.1738427430868 143.9129737339279 0
637.3364921971963 175.76488767638 0
1307.312838131587 69.00269677233823 0
1294.70112663911 91.38591832383486 0
1280.928106604537 70.09082320081791 0
97.15471685761588 80.51005622890074 0
2622.04549118232 501.746267942986 0
2588.450980390252 499.1198667303977 0
1499.118582151918 520.716223875319 0
1369.822210903827 248.8135129821632 0
1360.419896175212 249.6500438294807 0
1354.999870315645 240.3586108502535 0
1350.881117669746 250.1458752633408 0
1356.690891929214 257.848400785377 0
1622.056117832903 74.68434573183697 0
1596.02076049714 70.76626676796025 0
1579.950713477091 92.44704696685832 0
1569.177552555281 68.02230020877224 0
73.9967813865367 402.3534928022807 0
1225.119788991581 288.1730746450511 0
2468.079271131743 512.3640621563222 0
2435.135627876698 508.6175720877616 0
1344.859369077567 241.1714374129593 0
703.7473518381569 80.97178746567909 0
3868.047363458174 78.41198331711595 0
3901.499374307392 83.06527633298418 0
1464.325621808597 249.281632262628 0
1469.260031063809 242.1489996565679 0
1472.697000233417 249.0965720941037 0
1216.401164230281 512.1963064354295 0
1242.626496409345 521.263207178681 0
3184.822365385826 512.8442471890063 0
2401.266179029672 76.40504983340577 0
2221.38417890737 511.5427556665059 0
1403.716915948851 481.5558848772487 0
1399.160991152592 460.0260075942135 0
58.1783579164092 336.0144336533683 0
2933.09960999842 511.3755968981709 0
3404.311905620392 508.7069753444944 0
73.43920326630415 251.0326097481728 0
65.04274541326849 219.5332885315909 0
1467.117982033831 150.3610910159333 0
1458.964330362816 134.3737187185054 0
645.9684081319219 503.0846564700048 0
612.775056210711 495.3839025804573 0
844.5546376794555 517.2441663321586 0
1477.423992486654 459.5677022861348 0
1413.611668046877 223.3777890571893 0
209.2594738330695 58.75949368397843 0
413.4911618886624 520.0696236471922 0
416.4581947266513 65.20220589776133 0
1454.244121546609 515.1594317874806 0
822.215846189617 536.595068654207 0
1345.595640183587 45.80006289507062 0
674.5493803440147 69.20216756364317 0
647.739725401899 85.98700692397449 0
3367.09838096595 75.30022888141536 0
3460.037478788525 57.58224959556676 0
1268.732542267743 91.72234668953759 0
1254.355394833579 71.25072399153261 0
1242.230244150464 93.84428679172407 0
1227.449790010572 72.97544735006991 0
1264.576320346749 49.13685417662977 0
1533.445824392668 367.5819159562107 0
1545.419701405011 356.2184240543687 0
50.98581577985577 421.2066960449977 0
1907.594658569799 73.82687671569008 0
1187.009793722049 401.6227395230973 0
1359.323054333951 329.2922014125151 0
1242.711244640575 214.9269255606637 0
1262.380569145651 215.9826527294016 0
1437.010309318587 536.4609649055182 0
2589.371864146191 69.44944605308216 0
1584.903399170707 46.12802170957866 0
1509.261804411322 58.35221778020439 0
3899.394150405277 511.5833235885127 0
437.6233812052322 50.13298524259298 0
1068.92321055455 522.0201372907133 0
1041.056106013114 510.9447703550898 0
1696.156814864918 515.3151495809855 0
1722.149713560032 517.4192335341057 0
1378.383242920726 336.8838971689155 0
1561.975882031266 333.8606832443871 0
1475.257594961854 346.7126956622761 0
1467.370616033357 340.0846250594067 0
1477.291016774967 336.1219883590362 0
3932.883623217725 511.328597540943 0
2965.629040420727 514.3427166161783 0
3489.156412560317 61.22488890705317 0
73.62304784511996 103.3572468658645 0
1365.873135969168 335.1003054794177 0
1349.338580319017 229.4992437604824 0
1386.179506865273 335.8736792483979 0
1393.76037304552 332.5124315266813 0
1400.992374534775 339.453589196565 0
2367.259369939331 76.09661690870789 0
1515.32853149788 386.6817439366233 0
1338.489428006602 258.3374085487034 0
499.2926726383374 60.72411980094289 0
528.6648322811753 49.51641082168936 0
943.396477171235 53.50070194996755 0
1509.637834122455 372.8113875084659 0
1349.740228696861 293.6441424784639 0
1354.357236929545 285.7833554074222 0
2518.845014925461 59.47271035168104 0
2718.120380439131 512.1462873206304 0
957.9093306255929 516.8542932745195 0
933.0953959262615 536.4409974060769 0
1610.904329412808 426.16292434292 0
1354.065076348712 320.6485190604643 0
845.3549580485757 70.63518662631535 0
814.6061853677265 60.35649290646879 0
879.1062804313062 53.68390370766543 0
1498.122537654891 291.6687473587647 0
1492.354769717331 299.1548974590728 0
1493.445834675266 282.8505209789863 0
1500.604571789688 275.0438312788299 0
1493.94911360423 308.1907050847033 0
62.95759153239184 72.92954143036042 0
2806.367261869767 63.59693876601652 0
2818.575165145397 95.31196327371478 0
2837.591907858788 67.38770756918255 0
1489.950453955132 445.0052774985468 0
1191.671310846194 275.3497494117042 0
1456.903155978861 343.546378712996 0
1449.44121146668 337.4763935634251 0
1459.148317684057 332.3458705717791 0
623.5750199804357 530.475088285147 0
587.0859544024246 517.2181085113175 0
1439.238467189382 338.8109572822689 0
1430.661087694139 332.6245987445052 0
1422.34189960061 336.4450744734877 0
2496.172650504906 519.5816336185653 0
1330.981078822396 303.1467066745511 0
1909.86709852324 213.9181545839074 0
1349.986202191665 276.6122847390468 0
3217.551332371652 517.5590844683396 0
1215.308401628501 93.9020208213326 0
1200.020411679326 73.54839350796004 0
1187.237320552051 101.7523698199675 0
1588.918577858491 261.9765158734323 0
1569.767686367555 260.8934070913988 0
1578.229414392616 245.2719143949494 0
1559.200250632857 244.8267924842723 0
2607.158125045755 46.93093413598154 0
1715.4582113371 323.4041940656619 0
1564.999344236751 296.7873394253885 0
44.35164326951881 245.358595084205 0
1420.688992639893 384.363836165555 0
1407.714968324732 378.2180924358485 0
1393.006305387986 389.039718553697 0
1394.18756224392 375.5787728595542 0
1487.565679727579 333.0793611909609 0
1485.151167275186 322.5355712174485 0
1410.429502051401 248.2384443381537 0
1453.098345083062 389.3442609267968 0
121.1133953253388 58.04589957656836 0
1742.850868296863 326.3224752130379 0
1757.943701124779 352.6783035756638 0
1556.048067156846 89.38257444127085 0
1567.641640407799 113.56296650305 0
1539.053552662853 68.59381653729623 0
2605.905782681527 529.1363252027982 0
904.1873288258258 530.86754844582 0
1307.403396933779 353.0331875709226 0
3814.36826727889 531.0163662612389 0
3844.198638716644 533.1601243259358 0
1365.369280565997 255.9422979046805 0
1437.097518566132 248.4680353872282 0
1427.359839658301 247.5505956596661 0
1362.369084432287 383.6702285226116 0
1371.822765080242 46.83075509846803 0
1384.697183801852 70.01691781394925 0
1424.06101275887 52.76979687791454 0
1504.801606250202 311.2178490599688 0
1439.028475580651 77.02689905703761 0
1500.459684613649 246.9155525430833 0
1493.904106244362 255.4783690890327 0
1489.607988645503 247.3145539073425 0
1484.297116227781 255.2376293426326 0
1487.12171440746 262.3786132172887 0
1493.713785332599 236.1382975916266 0
2229.725020484364 540.9320140950365 0
1564.409983683742 355.4088022300525 0
2285.507195563809 524.3884748101302 0
1379.105398118875 249.4097875431729 0
1388.691485701314 249.1111519141376 0
1941.735664972759 217.7623264824964 0
1508.451832121999 267.668481868591 0
1875.276906709334 213.0271911544208 0
1166.247656742447 280.4070743785281 0
1435.255556763826 116.9600259488602 0
1250.036603559771 313.6918958677223 0
1562.878374961671 197.311177902957 0
1556.597815561895 216.0719008706549 0
1314.163130490039 451.8656180817547 0
1308.846568025102 431.7816878803041 0
1329.15717971415 438.7672410066449 0
1348.340121468627 441.7488200153516 0
1359.683214660083 462.9301364466329 0
1524.04089252693 527.4515333079847 0
1503.109462845795 545.6889508491633 0
1557.94033617773 531.1614794995909 0
54.68660288146908 298.369454458448 0
886.0993762007015 147.0480437951858 0
239.4995012573554 520.1640943261883 0
210.3072574399623 508.7624949917272 0
1477.420592302162 241.9530158635285 0
1475.258829013566 165.724284340259 0
1464.458758949654 178.1039311987371 0
1448.253782224602 179.7113390084549 0
1430.845470092193 372.663483881894 0
1210.643769319887 403.9463183904204 0
1322.288336619218 259.903829759374 0
1561.739744293377 276.2382908925211 0
1483.886306158803 364.7856857579496 0
1226.174964194559 444.7401464652478 0
1243.957889763488 427.034353469006 0
1269.017906776705 436.9244766517148 0
1286.767843495717 423.9322055170411 0
2860.846387435661 46.32232859130569 0
2887.006981559342 62.68437439148165 0
2916.297565160112 52.90446746523133 0
2909.170389050489 83.55103106626522 0
2941.36463775166 74.77985121741607 0
2880.397287017219 94.02604332442201 0
1238.604335833724 28.0140114798555 0
1259.944109535837 328.7558076065811 0
1242.357154361644 330.8131148071731 0
1482.226069339879 380.1393579611226 0
1881.535412363845 356.8651804959559 0
1862.087297880935 382.2703428979287 0
1850.203953977417 352.5785199714538 0
1838.518585809173 323.1888707217029 0
1819.631365274741 348.9731606706819 0
1338.25375441313 558.2857699947235 0
214.4907439246438 539.6986216753855 0
3956.030462548834 146.1878919425614 0
1370.277416076606 557.7859326458099 0
1171.930969927627 26.39846213749934 0
1669.245884071368 559.9800455992975 0
1651.341554021454 533.3899625020521 0
1591.801752106955 116.6265846236081 0
1554.31025443498 134.935061066981 0
1322.296613088778 534.6895136570761 0
1366.285167104042 328.1554198498285 0
593.7517606408765 549.2071348505602 0
3941.749068460311 456.6183500940809 0
3925.685258340601 429.7272850437049 0
1341.902089799873 218.7653924045878 0
1368.735082720578 215.7654205421195 0
1357.86274682511 369.8497801838531 0
1655.442347493874 148.9304895448255 0
1666.0152680883 174.2670847822083 0
1692.24720681554 179.3019588954848 0
1674.392667541667 202.1844939863027 0
1639.226769212108 168.0777651739383 0
1336.673171681178 231.1596288235999 0
1505.405639819493 30.40143955560213 0
1288.307556078356 355.3638076377896 0
1323.215072244748 350.1486578512044 0
1333.175593309443 361.8002204339886 0
1171.570240624481 75.50195926391797 0
1944.473643369528 365.4296150900785 0
561.3970951509592 58.22248344686404 0
1491.301840238702 274.3493636814163 0
1108.43389931588 26.84681701159426 0
1735.196697008404 560.1873441959135 0
1416.616685543467 446.058280672688 0
1465.793962932595 233.9422220870081 0
1402.633219214351 330.792861710033 0
1924.976530006663 50.24824677650928 0
1877.694282467102 56.57935759742147 0
2195.376554828925 453.8286297464432 0
1554.351411871718 315.5409948552695 0
1747.237708773891 529.9430574245753 0
1782.281934688746 529.8038852143052 0
1800.115522898775 556.5744735529499 0
1814.422291338309 530.3125924269442 0
1848.878015714167 525.2427479496521 0
1276.235866145699 558.5609845600051 0
1242.05658959438 555.7079501477212 0
1603.979576299058 560.0073551285611 0
1571.198110730001 559.4804353716928 0
1173.97627701287 558.5005971352023 0
1190.753771738415 531.0520492517149 0
1159.179972918693 532.0663332029687 0
1141.05504945023 558.4537367924565 0
1128.403043713337 532.8333911563411 0
1668.462476484775 27.48629147617883 0
1657.385874251625 53.68073652102014 0
1701.876517349368 27.20322337908233 0
1719.215395528213 54.53001218095366 0
1074.078747200752 414.6010974121273 0
1095.86107837832 395.7544640960693 0
1068.983696035293 386.3045902178657 0
1090.560678150369 369.0873725131048 0
1116.135013510105 377.7303708075294 0
1109.052593990338 353.9934611967407 0
1063.257040687844 359.6975224272458 0
1122.388075025217 405.2456773690748 0
1140.953999897304 387.2355640242973 0
1711.811550397458 157.9418918960648 0
1722.884332780721 185.6115051015356 0
1751.460155632065 190.0030613095617 0
1732.986124427735 209.916943454859 0
1770.780869460088 167.550591598254 0
1782.125099142166 193.5833432984014 0
1802.189569306781 171.4575143644871 0
1814.665790344357 198.1731436674741 0
1413.74115887916 254.5486209420886 0
1421.970831282674 255.0521872281914 0
1615.493583064253 530.7118913145977 0
1503.016685608954 172.0780581726574 0
1072.743360170377 553.8418396486503 0
868.7492391374083 492.3990986851309 0
1958.320324172518 250.1816044085273 0
1981.003032192113 221.1802568016562 0
2012.974973622332 233.1909130861925 0
2008.732244275007 203.5729746397238 0
2038.189734605833 214.4513066694219 0
270.5583572492235 530.240161297522 0
1867.720667743986 556.1592017011266 0
1459.812896248567 255.8476487419612 0
1523.294140335654 214.886889179457 0
1483.098247762465 140.4032089564564 0
1900.641460038737 330.928583977273 0
2792.624402082251 31.73255313120719 0
1489.614852586201 200.5278396744891 0
1483.03800571063 188.8511821676924 0
1961.51849205347 190.9882534600562 0
1355.255934226607 146.5027186352106 0
1376.320815965041 150.6766601008077 0
1363.342351420263 165.6307373326541 0
1344.909886501805 163.0377992431111 0
1263.320810559709 414.0840229692465 0
3938.571675808804 316.7408352407562 0
1156.626010018146 101.643608672735 0
1565.773454557764 412.6434016605525 0
1285.70536932205 310.4568051848511 0
1273.367796464546 232.3214333469349 0
1041.87985646617 376.7790738336162 0
1036.566738089006 348.2013454526971 0
1768.156105793235 28.26100895691432 0
1801.12640471599 28.37756525721632 0
1815.441998302713 58.27570620862582 0
1783.577421541039 56.69127868484549 0
292.9260540504625 57.67290553813982 0
325.3981800229727 67.4543890665295 0
347.1074380163681 39.78975538327482 0
372.791111016003 61.32530946374332 0
986.210833643918 382.9108196838487 0
1012.185982339619 364.2699730681721 0
1007.757348489825 330.5301674201303 0
883.8546937935677 113.5274914967506 0
2901.530790439934 114.1995714664282 0
3034.579374025417 524.7668706223766 0
3070.018266172592 528.2142149235649 0
1617.460079938028 451.0729872934713 0
68.42967073901968 369.1090429152237 0
1041.838193644839 28.3203212510757 0
1061.86443352847 54.87181235594576 0
1028.377372217785 56.18299141494279 0
1008.899640719118 28.93508980665726 0
994.9416191482204 57.2187937616428 0
1014.250256485184 83.88570242867837 0
1653.356644974904 482.2038245122948 0
1394.379119838718 254.4667964062601 0
1402.043169591118 255.7777759972035 0
98.07413233072126 380.1844901908015 0
1846.158092590564 204.0278194652507 0
1825.839910069085 225.4032153866222 0
1113.146387832342 480.0489313011794 0
1444.435011400789 376.5273908892828 0
1458.309160604689 374.3508867584235 0
1277.252407763976 182.872784034788 0
1629.223810987619 144.0475881312636 0
1430.951962862056 254.8362159106983 0
1828.445033871753 89.2324894908586 0
245.6355677216976 250.8851288521742 0
239.3081038051385 218.706709810703 0
270.3630923754322 229.2502769758936 0
301.620332032082 239.6402341608517 0
1176.571569063243 424.0178267652559 0
3930.378425724859 228.4903512039261 0
146.8339376478133 336.9635631721212 0
171.5607953350303 315.4909147445888 0
3899.908421828709 225.9847144069498 0
1399.482690652666 439.4660424646837 0
1380.602839941412 448.820629151538 0
1007.587917351972 557.9921901842177 0
987.6689809565294 529.8209358325117 0
3409.749372118891 166.8521409308836 0
1874.194713049409 411.7801958273949 0
252.1469294312016 283.1907343224086 0
1831.393059582934 377.9683728589587 0
1801.651209642435 374.3856682592476 0
1788.627106452908 345.3143226108404 0
3828.60880143887 274.7759360922645 0
181.655590453747 47.11368575128433 0
838.9244610666329 187.7985607124241 0
872.6187409684804 198.2139278281617 0
1496.229382851606 265.8978598949326 0
2012.223871025449 173.0097372968067 0
612.5754655349782 196.8676922004073 0
1751.488894289558 55.52831468276132 0
525.5279191193613 196.814440942708 0
3402.860827261826 80.25620708114877 0
3391.435447561572 49.57994722242319 0
2078.872363062886 178.4706557475982 0
2091.712850894643 208.6649496346126 0
2123.291870084915 212.9771160496935 0
2103.799112411936 239.4686358294973 0
2136.134767722654 243.2287776690873 0
2155.593378458967 216.9761992216751 0
2067.631284896668 234.1248207440167 0
2168.733367897715 246.7909414837695 0
2182.021242613041 277.5281948957755 0
2201.371087376507 250.8967692840955 0
2116.932615145456 270.1792597581057 0
1783.255740954346 400.2880666003503 0
121.9813943093178 358.4165629980444 0
844.2238425990734 365.2802392979895 0
3389.951437959751 193.4063436975359 0
3402.958573710946 223.6763997866022 0
3370.080577594561 219.6993041214936 0
1057.339986405474 182.5599969260031 0
1044.633397313088 207.3403363814528 0
1074.072055814607 204.5905528005737 0
1015.334286378095 209.8476929935462 0
997.6912499720668 186.3868432785605 0
3337.258855349188 215.4941645496006 0
3317.321208043714 241.8328609014895 0
3917.125370662319 27.68222366430059 0
3930.154059283655 60.76653147421208 0
3968.938803193282 54.04623701408502 0
3950.980567217256 85.95459072927328 0
82.90002456566505 557.4374138512089 0
66.42923257729498 528.9448553651966 0
30.55707991090434 532.4141749720866 0
49.84794273409852 501.7515194554744 0
87.19403743798449 497.0976396222679 0
66.09073876518794 471.9953297258472 0
295.0360421142957 207.5951274475013 0
3922.999337382441 559.5295890187001 0
3912.744472956143 114.0121344889415 0
581.5257293411862 186.022867625294 0
985.5094263205949 213.4873587442422 0
958.2428870860491 216.4614929937734 0
936.0712835157472 192.2410109899001 0
904.859982879854 193.6632717584918 0
2385.021755832104 245.0228346159689 0
2352.272082994737 241.1141701111105 0
3893.096543563914 425.763487655323 0
3912.270450294038 399.1263165095388 0
1410.967372781848 78.86402272032147 0
3851.238660212353 27.45677067009449 0
3835.88708565806 57.60103541381418 0
3800.931143870306 56.03074951443344 0
90.50664503080186 197.6659497140857 0
3785.043384659812 28.43046136591997 0
3768.739427052849 57.26331631826856 0
3787.513411967868 88.02066841368912 0
3751.441537492933 86.97450350003857 0
3767.935663281361 115.8271658974479 0
3716.96687567954 87.05472823498388 0
3734.145791046669 58.25694522981802 0
3701.258172676254 58.2992535306428 0
3685.671084037896 29.00912747034006 0
178.0339054491621 347.8144254238529 0
149.3958553957035 557.1807562369092 0
164.5406752909028 528.2036714571361 0
132.2800697637956 529.4926466624711 0
144.0376773182314 502.488717844172 0
80.01450184368086 282.0230406667499 0
121.5840032969936 208.2585648784979 0
3919.318151567825 343.087896696134 0
3951.821393483886 345.3429021481476 0
3932.927796523476 372.0604617333697 0
99.35859023109808 528.6712465554916 0
1354.017812522923 267.015034697931 0
3751.816093429451 28.79552822473872 0
3880.089574374047 395.5494723809479 0
2339.236110706758 210.7350608353379 0
2319.45058292505 237.15176972093 0
1086.765467134079 179.7818833330942 0
1103.121834882794 203.6015788256524 0
1087.384670890482 230.3027910176081 0
1118.530162385744 226.7409241931427 0
1106.012414907419 251.6418384900326 0
2241.021926435366 198.737805572313 0
2273.631092322015 202.7620633222209 0
2253.942075252552 229.1672118140607 0
2286.621438513792 233.1316943755482 0
2306.436649271464 206.7626018120728 0
2759.081039747331 29.74803222074907 0
3789.20404919964 327.424531702249 0
3776.287666955749 297.1704891518532 0
3808.900961163059 301.1169844328921 0
351.5152153579633 197.1290423027168 0
643.3751362471694 357.1583420453617 0
2053.710880236219 407.6292970039156 0
2073.225486606892 381.432273927185 0
2106.022593524419 386.0760720715947 0
2040.28160382601 377.5118904828237 0
2026.852686807493 346.9140445983884 0
2091.88354683397 354.4082369511422 0
2020.947406580196 403.4857917835129 0
2118.530384135159 416.3444550497642 0
2138.143913565878 390.1310573407835 0
2169.852834120283 393.4395771917855 0
3867.917628237236 222.2712243243755 0
3861.199845527917 278.8503199293681 0
128.7095022099429 390.8885314920487 0
2666.441100588927 394.1663414747184 0
2365.278854013747 271.4848020141324 0
3752.536304820409 556.6064014521779 0
3766.598846001947 528.4080072144841 0
3735.241600189784 530.3329982829314 0
3702.161263127 530.8380975087122 0
283.13323371832 444.5991563092657 0
277.0723169632156 412.1821446908681 0
2417.809329414847 248.9549116074157 0
2430.800945193301 279.3267535262438 0
3796.001788684344 270.8564370629158 0
79.09949569828638 134.540947658717 0
54.55549222343234 156.24670805219 0
3685.967143289787 557.6771547550086 0
3669.476145976963 531.5531810412616 0
3612.714045460138 277.3486105601417 0
3599.737381355314 246.9992482214514 0
3566.987545332414 243.0275154799688 0
3632.55595016379 251.0114680940543 0
3586.857912614762 216.7666718450802 0
3645.495994956237 281.3279050132608 0
3665.347424317059 254.9904034973326 0
2266.934725299567 259.7040442738848 0
2234.358382940069 255.541528137634 0
1948.152566147084 162.5764050124806 0
2175.314664044056 190.7527930845789 0
3698.055585122875 258.96981140208 0
3685.176397018343 228.6590700932343 0
3894.273896702683 139.7118258323074 0
2234.797135423235 111.8599443771821 0
2254.556986811514 85.44059826760571 0
2222.324331604901 83.07259116294193 0
2242.790388401675 55.68866933283122 0
2276.596370777788 57.43477276635174 0
2600.835901731766 386.2293990901862 0
2359.040032556137 184.3202590485014 0
3547.116244692873 269.4196432767426 0
3534.252305072221 239.1377079635871 0
3514.375584772354 265.5260937615902 0
2653.467752867069 363.7656731019456 0
1956.950519599377 395.2730780811174 0
333.0317095225845 401.3890829451277 0
2699.259874013602 398.1232463076475 0
2719.095277233318 371.6711699914547 0
345.6206078065771 315.4251146528408 0
463.3860261921034 175.3523763029513 0
2331.998962222702 411.0593429234778 0
3619.834935480297 28.62666130791245 0
3636.196578093799 56.0320761076927 0
3603.297889225501 56.52507634877604 0
3570.254815197183 56.58324536342529 0
3651.642503076361 368.3873844886853 0
3684.408777381803 372.2624285143482 0
3631.8809822239 394.6906343879764 0
2751.910235559063 375.6111196544939 0
3704.15243484511 345.8780340109441 0
2699.959787915692 254.0457685327399 0
2667.150037554777 250.1059893014744 0
3553.205584446112 29.55785358861518 0
3538.38367717284 58.19411794010927 0
3795.352695203352 414.1053606700753 0
3775.662878380612 440.4093559260212 0
2797.714820404863 409.9195052499754 0
2817.541660693405 383.4943723694257 0
2850.357602938263 387.4481485057525 0
2449.9375997761 396.7712693199869 0
3487.620334760679 348.7054644062032 0
3467.814583103374 375.1161681117417 0
2293.463037263337 176.4175120323698 0
3790.122054808272 183.7986274151153 0
3376.859716547915 162.4956440764434 0
2555.776779738114 207.9517892675991 0
2568.756122578867 238.3253218446316 0
3434.984508888937 371.1919871183762 0
3415.232424469541 397.5144947858468 0
2896.165196905089 421.7979162303539 0
2915.994141865846 395.3487510757207 0
2883.174618815915 391.4015860202621 0
3396.054408965513 280.1563411817429 0
3080.00717971932 414.6956386151672 0
3099.863219282554 388.3720326646151 0
3271.545260478707 207.4505891035337 0
2863.347979744425 417.8335473400429 0
3145.77269796274 422.5152117358371 0
3178.606745977534 426.4135626483227 0
3198.467814958812 400.0330536540478 0
2870.866825165915 216.9797046593506 0
2805.236802728693 209.0446410031886 0
2818.226762044278 239.4378468539659 0
3231.262104974508 403.9094385086007 0
3251.110463419046 377.6299782331419 0
2679.433227885457 424.5318752794109 0
3021.968806410883 206.2547721602313 0
3369.367754861315 363.3022088403692 0
3296.84969962636 411.7649489651471 0
3120.436531447303 218.1136446227818 0
3087.618442431279 214.1675760544904 0
3067.783271904384 240.6116630549583 0
3336.507190454354 359.2990567827756 0
1999.971801935106 557.2799199652417 0
1983.471074380195 528.6707250584473 0
1952.238722353642 530.2737817378804 0
2016.431816639696 529.6178953802281 0
1934.418787770332 557.7956287618554 0
2032.996770440137 557.4645043443307 0
2049.394585512849 528.642401691838 0
2066.1001751265 28.56928438754979 0
2049.586776858693 57.24355547458389 0
2084.72025476382 57.27873653012316 0
2106.499773244857 81.67739141122634 0
2099.514994131628 28.12471515476583 0
2000.152486677118 27.91834735451978 0
1986.232236271157 55.66564283946637 0
3388.4297715329 558.9802887854233 0
3376.88407057262 532.6369876629228 0
3057.85129646741 28.62898199720293 0
3074.380237063592 57.25785763880812 0
3106.72200820019 55.73361982717816 0
3090.89757305105 84.6683555412929 0
3057.851446249273 85.88669763480399 0
3041.322474240294 57.25789575794173 0
3008.264719357871 57.02194207985679 0
3024.793646984873 85.88676431055802 0
3013.019566380027 116.4803665923123 0
2991.735407111863 28.17752752919809 0
2971.447609744344 57.07783755226168 0
3123.044180310459 27.83016894290025 0
2859.504147049316 558.1845731035921 0
2846.045161086196 529.9529661771405 0
2809.917557536455 528.6472289629712 0
2793.388756226316 557.2760299407694 0
2779.554302290474 527.6887739522176 0
2761.194490434526 557.6458328845549 0
3586.158165363327 557.6336695147636 0
3569.153984393614 529.3055184372888 0
3536.914039701719 528.2847751143446 0
3619.83471074383 557.2760512113512 0
3520.615381279134 557.2155906915056 0
3504.059508851666 526.8508333284771 0
3465.961878498658 522.1137146292255 0
3453.693491240502 556.4150972092173 0
3430.995673803702 531.1692998517179 0
678.0246994247841 557.4725081954097 0
693.8447936315732 528.8820547331826 0
728.988074619997 527.1908392819165 0
734.0274771108495 496.9704441194183 0
760.0604720490346 511.2048238337057 0
744.0837855719158 559.0234553306231 0
2396.655571880777 26.0960822824305 0
2991.735537190167 557.2760512113358 0
2464.830574125384 28.69504069292276 0
2449.503977107215 56.02283693813581 0
3322.147858554765 28.25943345037393 0
3309.427176152557 62.30823535838546 0
3273.183514516913 58.01245293673136 0
3341.524883146421 55.04161537718289 0
3256.237208037959 28.67996545731965 0
3239.271237784371 57.07981029512777 0
3254.174082730241 86.44000071235318 0
3322.314052793591 558.0320843220375 0
3309.839541941124 529.1308332326058 0
3276.667782359244 528.2537633466186 0
3257.282431357163 556.8223134621758 0
512.358324513811 557.6872780889685 0
533.7329659705375 531.9181160548465 0
497.3726247198802 523.220957300076 0
479.3595925331144 557.2640744578143 0
462.8099274500318 528.6438368258621 0
2261.037716641219 554.2050610861874 0
2318.584642827675 529.1417623855781 0
3189.967876022586 27.81585413730314 0
2462.937860324314 558.0871224381434 0
2396.71757069134 558.2094834379861 0
2383.033951352314 530.2113012049131 0
413.551132083676 553.5388600677924 0
2694.257246375083 559.7288405300814 0
2660.846132510605 559.185640266955 0
2641.023921992363 531.163205159721 0
346.6287014696694 557.8160291260078 0
326.9545998570845 525.9505006074212 0
2165.219945463014 28.39282559600148 0
2148.424673148624 55.50158499956701 0
2179.24557181472 54.75697528452292 0
2165.912364140974 558.4592713078894 0
2178.866703252205 531.9467333750017 0
3186.864377947108 558.160868791233 0
2530.59145521968 557.4914807479103 0
2545.454545454656 528.6471122432735 0
2330.015461270421 28.16065869294838 0
2313.431085487 61.6894256974182 0
2693.933491674416 27.6278688754219 0
2674.53936965868 52.33589525210537 0
2099.165389318158 557.6403509754268 0
2113.613728904741 529.7801877388843 0
676.260577727083 33.03218334007227 0
611.3547526263633 28.50491299631284 0
596.9686682852654 55.86159063867039 0
628.081605913134 57.24773525422709 0
743.8016528918739 28.62893896800956 0
762.5518833812509 55.69790983528789 0
729.6482346047651 59.89403544199481 0
3120.522819562637 557.7472005383078 0
2925.619834710823 558.7611054872646 0
3231.885210367373 260.3360157468546 0
3232.574453636811 116.2605004361533 0
3205.908827097329 199.5572255170943 0
3152.123379537133 507.8802674082174 0
3135.327387112631 106.0469874286229 0
3235.773036877525 492.9421458299083 0
2982.313908577545 259.1610859405346 0
3021.285308510454 350.3433532042092 0
3147.494624148429 135.2295123157109 0
3520.434736209065 352.6713348859483 0
3086.946217983052 501.0596188769694 0
2950.777361498677 108.227125732574 0
3083.868272663722 128.1845653263622 0
3329.675209335752 415.7324578732614 0
2956.311469029715 198.4868775250434 0
2899.511438851489 507.5431534622425 0
3428.874906129281 284.0783151974734 0
3298.930306881 122.413343969919 0
2974.775472254064 460.0733965063263 0
2988.46881172172 346.3984584773604 0
2837.369319837732 357.054864916159 0
2903.003805180809 364.9528626252344 0
3586.084669284816 360.494705694302 0
2799.079456230151 121.8101617580635 0
3001.460366313873 376.7941262191542 0
2726.617336790207 170.7764785759732 0
2737.688642236544 489.9283475734397 0
3429.437747563637 140.3869683075582 0
3034.259725056499 380.7262916487045 0
2555.079577883414 351.895969214144 0
2712.949834632431 284.4357740852367 0
2785.41043668395 235.4894930494968 0
2831.897360991846 125.7561773785415 0
3546.426882947389 412.9787240973113 0
2798.40033863951 265.8813905164532 0
3487.825368798255 493.7064493776127 0
2582.411695476286 124.7003647930151 0
3502.124536460541 91.6326414362409 0
2647.333751848179 276.5589709913543 0
3508.248376115731 178.7546814825578 0
2883.863522616228 247.3339148624249 0
2549.612330721477 120.771108222077 0
2771.74026188177 349.1564656619357 0
3146.415036097033 278.8986683295053 0
1304.454141547515 412.1346416283613 0
3047.951959057712 267.0563276585793 0
563.0169810477862 91.41442145900183 0
2444.408022799223 165.7708922430047 0
2831.215931904485 269.8275509735786 0
2477.197667271938 169.7005242392491 0
2896.851282055308 277.7230219493064 0
2851.04325460743 243.390759869277 0
2535.960070850637 234.3754708077922 0
3567.731343018932 99.57947167216678 0
2508.633382302331 461.5351671602959 0
2522.300545803019 347.9477570509476 0
432.5459696911688 315.2960900711088 0
2189.013744536066 365.692643819342 0
2929.667660779436 281.6693625356598 0
2436.96075960583 366.4074333459096 0
519.3963005487749 164.4909727038873 0
2548.941468673955 264.7455679103443 0
2949.495553474634 255.2304803268263 0
2969.317574489841 228.8004465135641 0
475.8741816640405 239.9252918454025 0
3002.139449729295 232.7178366608474 0
2784.726311190808 379.547738462016 0
3034.962383761966 236.6597021332906 0
3251.709391208636 233.8901110893427 0
3218.896012852101 229.9490130845326 0
3080.772087745926 271.0034405964252 0
3199.066461360235 256.3959248190797 0
3133.425083501917 248.5063179717908 0
3100.602368631342 244.5593183761626 0
2351.725929266008 100.044192779147 0
3179.237223503291 282.8404288953286 0
2732.078283980474 402.0592088758887 0
2569.438384832999 94.59649220254005 0
196.2796396471506 294.0045484640653 0
973.6702665433288 322.3073314132529 0
3633.152191812312 108.7426889912676 0
2522.298127459175 498.9789699526102 0
463.6662964287189 476.6368226374093 0
2371.465292746836 358.537307639824 0
2555.232092538547 60.82603788576925 0
2535.271165345228 378.3125963212045 0
3821.798817292311 331.3515757374094 0
2463.583733473996 283.3034186591152 0
164.7480305914108 132.9901589901346 0
2305.443727235147 495.5455362763668 0
691.4636915853187 166.6690083934935 0
388.9264927525106 240.0897912941239 0
2299.293912883723 407.1118386120091 0
3330.29533323035 272.2124243966538 0
3698.655670816342 114.7443132438928 0
3703.691257104444 487.6388199809705 0
3972.849070006742 440.2755448209189 0
3970.050981432278 374.1564419256323 0
519.4754981531221 315.0828292316347 0
2620.665437351789 359.8096264264857 0
2288.746946619605 88.88139714743355 0
394.8516710884206 121.7969444235088 0
2431.405127574298 135.5588147220035 0
3000.006230621655 525.4104418839403 0
2581.734720459056 268.6860835558227 0
469.6236580922193 207.6551884322478 0
332.0545562763336 101.1122597760473 0
245.4165551920192 100.3727427341696 0
475.4115755803982 88.24156886248159 0
2654.165428367016 219.7429207608861 0
28.18936698336813 81.37569308070873 0
165.1887112325745 283.2543001667309 0
208.2942182694686 208.0566970182746 0
376.6880690112374 477.0796509579625 0
2601.551933030788 242.259569814235 0
1234.832209215622 192.7364513421286 0
692.4815040029545 314.2696671096166 0
320.8190905049388 336.9223818064456 0
438.8271845806289 347.537350778355 0
2202.21298833231 109.6004237977093 0
2634.350221834234 246.1850291769898 0
2713.63842593928 140.421647518694 0
2273.378983464898 346.6055863071413 0
3967.711129704245 507.076321553093 0
2450.581389576337 252.8888368496218 0
2135.493079354704 100.6985532759086 0
2701.51514007988 110.7425878529824 0
3866.405943346916 506.8265450273057 0
575.4875513652238 454.2655958016201 0
2450.875114133858 110.0335008870669 0
2641.184070747073 189.3750839383982 0
2594.011473627525 442.9918431551623 0
606.1999841850749 314.7516362828513 0
556.5225369723852 207.5652416654592 0
382.6192105266379 207.8125158290698 0
197.0250132231641 444.0398916694479 0
562.7378381046603 239.8479980411317 0
2574.414582047747 469.3092114538791 0
3809.702100340341 157.8617802799479 0
3284.517441351741 237.8569507193528 0
3717.114365635892 376.1208680008861 0
525.757091948126 347.2953376719996 0
3717.830379199852 232.6675129728694 0
2557.498988573459 497.5899989194338 0
2568.052186807241 382.2713413047458 0
382.7674909424885 509.1884640633621 0
1894.435995207739 242.2703745400978 0
2661.012026648775 162.952340589882 0
1843.138907472685 407.3957540271084 0
233.0490056242471 186.5014869393137 0
2693.818475074303 166.8739368235386 0
3297.506831584567 268.2464775477433 0
1886.892328517786 527.9714781284254 0
58.36413235040871 187.7422151718455 0
494.4882222791601 186.0750273188886 0
2142.845192695023 186.8517650768918 0
3808.274662407059 444.2706087443381 0
239.1240196218404 70.80364503374345 0
680.1588198269948 399.0140986171675 0
2581.032452944469 412.6464069697241 0
2332.511430139669 267.5299980314679 0
2306.052121304713 350.5541347596384 0
158.435327347007 100.8244882760417 0
532.0102875078762 379.55376133144 0
649.263111321428 239.9829473540144 0
1296.401663542662 181.0251939456101 0
1289.407418537414 196.6411801539259 0
981.7241883744844 495.6186546794456 0
723.0946064287892 324.6437237629067 0
271.105591362154 379.8824975315802 0
1347.677427186429 301.6740972749748 0
612.4643872439389 346.8764069360337 0
2058.389043749655 498.309514412516 0
2039.038434358004 88.72903412325603 0
772.3686099906611 430.3410508141052 0
1890.196905768315 101.5205662780941 0
3672.21497344327 198.4177634423575 0
3971.39342000124 176.5863484967751 0
3704.903821716021 202.3866940981068 0
2318.998913625798 380.798770540552 0
734.1000687730309 93.88043364989969 0
729.3065082562665 356.3055626459998 0
326.9660635382431 369.1253482999539 0
507.2068335088691 401.1759294079322 0
227.4391063734323 304.7562843328247 0
2430.195450743214 423.1607110308823 0
326.7224077104621 218.6642183812615 0
1184.033428545143 194.3779259135852 0
2423.205962558506 479.4845421652783 0
476.1156838036071 390.4596962512742 0
357.9731542082675 379.8929477438083 0
1991.500425662051 482.6986123501459 0
389.0028525314216 390.642423199993 0
420.114179551648 401.3317209174939 0
445.0317498473082 379.7853959275038 0
3697.3804922141 402.4605830490745 0
1560.966304870223 446.8481160146908 0
753.2134410998075 187.7328448188258 0
765.4907676200537 250.9263628898988 0
808.1122439689243 323.8629864531251 0
1976.060791323495 368.8256964170511 0
1995.072709153814 341.9241064494447 0
153.4231237932048 67.32992344021564 0
789.472070884244 529.1726052237726 0
26.89287521067997 342.6408556354402 0
1431.483598113097 221.3872720854999 0
795.9958476757947 113.8233765350066 0
849.8804965748844 251.4372256987594 0
873.7166124969057 231.0550035207493 0
2351.705130411 384.7346799312748 0
3788.912322343817 470.3632229324867 0
3664.649942228168 398.5692669296856 0
3612.083452896015 420.9274637307566 0
2410.411819389513 449.2834960934734 0
3619.646302412947 220.7514567381395 0
3652.397313108458 224.718608421327 0
3416.334766691998 109.8106833425841 0
3350.135821382638 245.8663998901464 0
1864.76048386252 180.3839088899593 0
3599.073857093245 390.713607562126 0
3484.13793145871 29.53783452470672 0
2384.441258379642 388.6969405353317 0
779.7520293180188 461.9903402841452 0
3644.838230920998 424.8633844858271 0
3606.661928138893 190.4922830934149 0
891.5756883673688 322.7890724018437 0
2417.184312926062 392.6493911216107 0
3119.911343506931 362.0759730082206 0
3880.696672919507 252.5585429500473 0
976.5980841965566 109.3821768730463 0
3270.881506096192 351.3426694109345 0
264.0849733762952 197.0647656053495 0
3382.343828412528 393.5470228351319 0
2987.568581281746 490.320899935571 0
3007.394398650924 463.8701903187215 0
1669.852195385314 294.9186997894226 0
1765.857951212887 84.31361723526392 0
3027.253306400629 437.4133344376427 0
1198.755955558185 214.4729270741023 0
3047.047004045157 410.9685316531153 0
3066.871547852637 384.5190500473373 0
3086.750110062868 358.0866570561103 0
3132.786406426241 392.2841895276448 0
3165.605424700783 396.1703541552911 0
3566.25530148464 386.7630136463684 0
3185.469280262247 369.8192815971533 0
3218.259782103683 373.6959817713571 0
3238.07473433207 347.3840599514452 0
3573.891560767618 186.5260313495587 0
3283.832838149918 381.6363153211664 0
3533.448630893441 382.8164821099174 0
3316.649272020576 385.5873454488476 0
3349.513217286961 389.5346900388855 0
3480.884174818574 405.2220363379071 0
3428.193535157765 427.6750430404937 0
3500.64281622816 378.9348044225827 0
3395.376103472089 423.6781225440041 0
2214.717375559953 282.0119529637221 0
3448.026453058967 401.3822926880405 0
1929.586466558184 474.7943786000577 0
643.1636262871918 208.1380504592638 0
931.2603706689553 253.4289637430643 0
3554.144308225918 212.8190191756321 0
3383.078825439572 249.9001440325299 0
3415.994507556916 253.8177508267842 0
3435.7790904363 227.4602886595673 0
288.8816594247724 175.4277444263024 0
975.236408136152 464.767371052272 0
3521.266450978298 208.9292043308328 0
3468.599617320759 231.3920106213439 0
3501.470777440748 235.2766933917472 0
1664.929980809545 225.0231322815702 0
3554.161113432613 499.9038404744367 0
302.0264375298479 390.6598724079332 0
786.0137881021323 80.22986153629245 0
1586.566620490983 418.6669317381591 0
30.44314086543874 213.7403673869678 0
814.2699007327114 355.4550138616788 0
1846.516129421941 495.0928215582798 0
735.060624525755 240.3779872917914 0
909.7596064200422 414.4553037250741 0
2124.23024986073 358.7489727981374 0
1533.265886716533 125.6601322780734 0
1283.448412524981 113.761039361823 0
1309.921833874105 110.8853838528327 0
808.809246729879 28.34523973374949 0
1037.718274281914 318.9863416200771 0
2402.768572543845 504.3973558738207 0
1130.111627942718 200.7866030571175 0
246.2885071032073 401.3307654061574 0
1481.270731233519 267.7302093937607 0
1361.19731676719 316.3855466082242 0
897.7277792504266 353.1137794995604 0
1482.381236461367 314.8809452722724 0
1477.946109841613 327.9545717661256 0
1489.785972381839 315.7899540008293 0
1361.26714089762 269.8867557079644 0
252.3870613818938 433.6951320320384 0
1384.006562165745 255.3678039848156 0
698.7638488236566 345.9119336559891 0
388.3236651211953 84.73165620370015 0
728.9055498233824 208.7738561685748 0
1410.931746819666 527.3168200080745 0
2802.482160179035 497.3289014855444 0
227.6497629795577 455.1439987412665 0
1432.150410201591 432.3755466977262 0
980.0471962670881 241.8751074502685 0
1932.022596207168 334.8144309459179 0
2262.688650029758 27.99256229340738 0
1067.456790831437 105.9177703074279 0
1785.913752084602 480.4637052841923 0
1424.616624171788 98.10630784188868 0
1034.179346227523 482.8071443798093 0
203.3939500375519 476.1656533740283 0
1807.960429399672 320.8081837936464 0
2529.97015948315 28.55800722330889 0
1659.251976520763 364.6132147235211 0
1647.997881127245 343.0929631490828 0
1660.958045477355 322.734279956297 0
1342.015155730923 423.0261139167965 0
2221.833240835956 224.8233666750492 0
280.20287969728 27.3817669143897 0
1417.814198495359 330.9584376743793 0
3769.529230749907 497.0118776867523 0
1603.660495114353 401.5090501777991 0
674.1506284331837 367.3271331934986 0
873.7803477208884 374.770270666338 0
2084.518568922693 267.4509517248557 0
1407.517003995046 164.2642357789187 0
1389.54849221378 166.8098167434338 0
1723.769253215902 395.8972472738816 0
1727.643498940789 471.1063131345815 0
2188.19459100634 220.7779896285398 0
1517.226753654329 83.16997451213679 0
1489.426520248713 291.6482641979035 0
1483.202847847974 297.1839326856665 0
1140.099404301308 486.980843841571 0
624.8010605502834 410.6690258660619 0
1361.42585895239 289.5383013920503 0
3205.486330231149 55.89069077972412 0
649.4992634326799 388.881016163503 0
1412.773275731189 211.6945159305051 0
698.1316482984504 198.1396035957744 0
2080.953460076739 528.7794332000647 0
1481.657357126604 282.8022937638428 0
1361.392809269947 302.9395119678303 0
1354.880059374815 306.4040650826872 0
3974.851508338641 244.3946097455136 0
1045.703734499494 404.7167628974042 0
630.9278826750974 442.3515335837953 0
2008.012211148613 373.0024515279455 0
2741.092727162576 57.68646655041206 0
1372.907673103566 374.5342879089383 0
3287.518034844979 88.15730270692899 0
1603.459267493282 140.513603980057 0
3668.988968966242 57.01930981840226 0
1662.697725242261 434.3021654012174 0
1396.53736570419 325.3546597136001 0
1434.173333827953 260.9010257781932 0
1427.743662653202 325.3931739006514 0
1459.766265256408 324.4356238713725 0
1434.253118005531 325.1131231679788 0
1383.272002858902 324.840632016956 0
1447.020833700467 260.7918670114863 0
1471.71907668658 324.7059243386539 0
1472.498108439177 260.8440976977763 0
1479.44901884694 261.3370609297317 0
1396.703695518369 260.8605863189273 0
1447.108968869848 325.2573212374889 0
1444.013905488768 331.2633733859625 0
3797.929107528678 126.9582888730176 0
667.5223203150022 187.3895739857078 0
1361.345474303875 282.881559438957 0
1140.78737732481 127.4816219620931 0
3973.814826859116 277.3486912330005 0
2227.950768970724 455.6983446901914 0
1368.371564562692 90.03562549862558 0
925.9471331019482 222.1668543218399 0
525.3144100082313 499.1485657098851 0
557.5665505856714 508.0824018658333 0
1612.575047322635 48.27905464734126 0
1469.364336166839 331.292846563422 0
1644.696488315532 288.0562959444615 0
1458.130092801556 190.8914202729308 0
414.6256519172221 30.5522208957778 0
1865.941490422709 28.28222674948674 0
2992.334255931562 84.66619682279968 0
1544.380523492387 189.9751869375573 0
606.3628942947684 464.061834527076 0
2182.918125298923 423.411006348859 0
581.6805331439491 485.9322165116643 0
1766.133466674895 504.4663961121494 0
1401.904356325654 366.7177180956695 0
2202.032681993358 396.2289112825365 0
1382.444257103672 472.8682936962408 0
1192.100932250157 503.4536313746564 0
3056.684626068366 557.6721877516636 0
1850.999432047864 62.66505378068027 0
1333.759492238736 374.9402491913241 0
1644.821897593285 455.6247464513531 0
1033.618119377201 233.7366810560177 0
1437.106587664794 190.1329315010084 0
1703.656635761203 204.1435652784291 0
1234.959895824547 268.0924649280062 0
115.0210439781542 27.16865725015703 0
1450.761109689518 254.4940258553087 0
1294.92319247208 533.2817684940931 0
1176.483348644379 355.0478839305895 0
1484.131997709679 352.2303901983037 0
3299.920431215431 499.2345714895601 0
50.93422482506175 24.40431323680628 0
467.5565224283886 57.3222164912136 0
1192.865298160337 128.9764548709974 0
1703.69781604974 79.96861676480643 0
1247.697001527305 282.4518679569321 0
212.4876830837465 27.75893358272775 0
1386.090141511823 132.2291485739177 0
661.8820892944628 155.5940701801445 0
2332.001797830507 556.9142217728768 0
879.8153205798883 406.1506374740869 0
1541.006658926212 506.9966490079654 0
3974.124258985831 539.3788558131656 0
1125.187670298064 52.44298491862922 0
1623.768128537027 342.5284498004792 0
1260.779385367625 501.3018796024849 0
654.9333798187623 122.4809674308577 0
1134.156542750784 248.7401476345125 0
844.6520469679538 554.4973539237833 0
3684.126890979621 85.35363173946658 0
1741.961005770684 373.1609481058061 0
2018.54509356958 57.21380933534853 0
624.5260870803381 112.3846739384933 0
2654.679273677996 77.20715412737025 0
1414.672982322359 427.3751632374656 0
911.8946202964191 560.0338002575456 0
1738.193372412438 498.7215646185617 0
1225.634688643905 388.4697810534842 0
176.8755009640399 497.9366375090947 0
1291.904601694683 291.3581569470961 0
1221.470742413961 213.730050410906 0
1920.238551221052 529.6107628632714 0
2348.772586729486 53.07358872321786 0
1621.633234989876 184.7793939907341 0
1639.832718440129 226.1684643203012 0
1348.526433728027 178.8713000898656 0
661.2871070964609 530.6119536929704 0
1534.275677580951 296.6960672469051 0
2208.343791902249 481.8094382910327 0
3586.376548675464 502.3302818903487 0
3448.860537275475 28.42816830301887 0
1326.824890080306 334.1751880850309 0
1242.004234706781 129.589893293136 0
3651.39461966602 83.35692521519948 0
1155.892363657582 51.67909483875965 0
1463.182982002195 475.5927503105582 0
2745.934384280396 529.8777849690051 0
1308.658640818703 193.7192861065396 0
1093.649887732699 53.28387200225934 0
1470.198087213808 119.0625292417656 0
2117.017918469382 54.36091173116621 0
1443.22369742134 254.7726763685164 0
1551.551469892632 427.3475567541651 0
1281.015235912837 251.1764476362761 0
1409.041950096892 503.888899568906 0
1481.226309023067 427.3976894586934 0
2230.257562780172 27.10980227273405 0
2351.131992502192 528.4966647083108 0
1453.609419302159 201.8893923895294 0
1488.068965946431 174.6590650607163 0
2849.930713007458 98.23436511825329 0
2834.356594647014 500.6741132426644 0
1804.839814526269 242.4605349349104 0
1012.433300450411 502.1674260705687 0
1268.246732397187 531.4059645350886 0
1404.485742196274 222.767342877263 0
2370.81745474951 500.7229587653853 0
2485.696674818553 57.84178381428508 0
1486.491236379289 304.3504691248663 0
855.6814153222845 429.6780925472507 0
1403.131068476915 178.1419428467715 0
2708.909682717978 55.17348541290667 0
1614.846521876562 322.8368715923372 0
1342.537948976085 350.1569987081021 0
1457.407483426711 232.0408739213404 0
1415.432104693537 260.8284501105322 0
3171.410827201301 54.9112854830755 0
1386.822521262063 360.5769394389135 0
1687.133782058757 321.3698496917698 0
1423.355645577258 362.7946726516834 0
911.9419121558763 59.80195164014518 0
3636.532020175676 531.0152888494774 0
1474.206957949664 235.132659056803 0
1362.949636723772 228.6915885992676 0
2592.699490864835 556.6682116708287 0
862.1526762301953 461.102832367506 0
1441.844411958538 134.0192662106114 0
361.5181876567464 530.3948172453528 0
1362.78822879829 181.4796290076031 0
1555.553526433092 46.20948002882774 0
1647.297904474313 191.2761872392784 0
1393.876849178113 222.847388343718 0
1538.640514252677 218.6541465432788 0
1549.691233311918 231.1535770027693 0
1097.707389856067 529.6480812624579 0
1539.301886594424 251.5899206143841 0
1667.187859789409 510.6825054446168 0
26.98471224770287 144.5356749462552 0
3943.123333432873 401.2788597452166 0
2128.778290498489 502.5791165244937 0
1390.519878840037 91.21772278450671 0
1402.47214631229 324.0924502173095 0
3819.698858956454 560.0395157516434 0
898.2394383236225 500.3422502023041 0
281.2894559385171 559.8577808051132 0
1686.610556033475 52.93463926760059 0
3102.022328390472 529.5839974713484 0
24.66374335915117 309.2276337065206 0
873.6366548593962 527.6351874687144 0
1477.009842556307 201.2888636302683 0
1165.08585934039 394.3262879494831 0
1143.920491946443 222.7549913917367 0
1387.35366107536 212.8296614773835 0
548.6616279777267 26.77732900982506 0
941.9435651534573 22.97195615891638 0
1496.145201448383 369.8416069599191 0
1716.18088181849 230.8707717306833 0
1525.649007103791 339.9255100583733 0
25.4958946652673 407.0173285042729 0
3894.810800778646 54.81003073418152 0
1222.622443118931 537.1279064052858 0
1289.991839277745 238.5811391559687 0
1172.745366317843 216.9154658851674 0
1421.591832665463 261.8263873452669 0
3344.410598343661 529.9357496801584 0
26.29063062474724 442.717450477946 0
2021.836343959073 261.792716776354 0
1971.324881726177 82.16621432942438 0
1310.621293314084 513.1251735584141 0
1301.997898865346 208.8022843925935 0
3940.809903837318 116.0259883568068 0
1155.474166467506 259.0577509168417 0
1414.56418154163 325.308636348622 0
1355.499188071246 299.2901640423869 0
1385.765494068073 535.5819845366689 0
1160.323497514639 370.570410151669 0
2640.105860465223 48.67556261611237 0
1367.854152461818 363.8239581389097 0
1601.441079951933 23.1963219043726 0
1186.042876310108 51.06265336901832 0
1186.779587235469 295.860268896153 0
3601.960513539346 530.5707032282295 0
1745.401467340751 235.1169902202712 0
1370.414539530001 261.0605742153164 0
1537.317293946986 143.4573217231656 0
1214.132836486954 269.6789903221288 0
3618.917932177901 81.41682715074943 0
3947.49612245845 487.8127597895628 0
1422.589627371313 223.6913075827955 0
1387.42587151494 495.7693530966647 0
1355.674276968869 312.9265288458577 0
3244.483906730963 528.4490632512333 0
1358.805544867786 426.8140395311898 0
3425.240905981435 55.27817789222863 0
1526.197621624721 226.6957799662669 0
2210.159279824913 55.38733616470343 0
1230.802518167722 407.9377616318559 0
1409.9881463717 331.4312126545047 0
2877.553872371684 532.7603259412563 0
1048.111329537393 81.46949969083661 0
1383.011413915154 261.1878487340441 0
3138.353756109984 54.48247078307394 0
1727.172187890215 301.0206169419483 0
1083.503854293977 255.1756035112289 0
1563.692834189684 508.2352428283219 0
1264.127390160469 397.0502396224518 0
2414.931466369762 532.8061087437042 0
565.4752858035725 538.1014839184654 0
1362.009809889715 263.0410427059562 0
1940.135406210305 503.4815226894513 0
1280.314309784725 213.7841757813393 0
1774.720750103676 372.7629686307197 0
2689.162413048251 81.50082010802495 0
1798.572819261442 506.4587396925297 0
612.4841984323318 81.95941842309259 0
1647.122322871889 77.253272752317 0
699.0489898917954 54.2137491663298 0
1253.508646662035 344.0550596065489 0
805.4330893439854 559.8650434096605 0
1439.218335188162 563.2206546031582 0
1006.214037651511 109.5778070411835 0
1298.702255488166 317.0881221857048 0
1021.140031798184 532.0850589691122 0
2925.837552233165 24.04150529687357 0
1487.136875293147 280.3234254759432 0
116.6856950862744 507.136272763089 0
1459.772179576153 262.0654689345561 0
1302.581870112541 130.2085161295297 0
1468.446532767178 255.257142790176 0
721.3635365465864 470.0277395677309 0
1363.084627448351 322.9215953989045 0
1570.281014805378 23.22235029838388 0
1319.583803829316 47.61051530650023 0
1373.365872591912 255.2102228328961 0
1402.413130332781 261.9759051524787 0
3855.916770268072 559.2288403395129 0
355.5819249060426 83.76322699137852 0
1347.815818628607 258.7380596050805 0
2433.681088055589 80.43333280624466 0
1119.287120526009 507.1509903834619 0
3135.690718794011 531.7636733943208 0
1754.713913281706 305.8187751809641 0
1241.875357274441 298.9123920563211 0
1216.032931347613 50.71062497066913 0
260.1521994060136 50.99388548112726 0
2061.040895184643 201.5809124154468 0
1390.014730760711 181.1441354398866 0
1763.649941468519 213.3993755739464 0
1135.06360776457 362.5213788831055 0
1502.937929458729 458.8999377158224 0
1293.059878313054 47.46696191854235 0
1470.358709858155 495.4963111396465 0
2657.185782366784 506.0647964905852 0
1395.951643394091 116.6397647947976 0
1384.909112672837 370.2023848624609 0
1450.476241496918 330.482353365811 0
2147.263091953018 531.9036189351768 0
3866.854907442446 49.21088256062855 0
1549.208030630497 299.8537695694134 0
1374.332851114209 225.0377998005992 0
870.7213306672726 83.96136242531641 0
3368.236936754041 502.6675101302102 0
1280.079890837408 24.38390292222406 0
1480.640629572749 303.0181916015852 0
2574.091314918829 526.0459039547186 0
1334.635438403012 23.73079665618132 0
1302.526015087358 365.837570692304 0
1275.977402771375 327.2070470496968 0
758.6638692200131 481.9610874977176 0
788.6758552137032 52.30204102156164 0
1437.606099948121 330.4611074748972 0
3653.172569462871 506.7706630369925 0
3585.735927175247 79.30170662226732 0
1423.938553422547 330.0907697407301 0
1954.207833102044 52.42695768061109 0
2190.401697502181 82.086352420932 0
510.2008338744271 26.52737876039412 0
3978.644245976828 83.66204259120343 0
22.26745315684666 503.2820336949747 0
1545.38191260467 108.467187164751 0
1240.101613935158 52.81519083043504 0
472.0642740086325 503.0758147185972 0
3947.728368110007 200.9836288421995 0
1440.188059170087 366.5951496029662 0
1506.997582037071 359.8941865715915 0
1519.544656600188 362.8657781184898 0
3978.388174764234 341.7779109373523 0
51.51326402693729 126.8086266594737 0
1452.535883699882 118.5977820752446 0
1269.825173533973 199.4523173112516 0
888.3468889153424 173.4632275532167 0
1380.315762712581 330.3600665282172 0
1344.246112619273 369.0617614165167 0
1497.84045755535 428.9647051911797 0
2910.98972399436 534.6807841925458 0
3122.155843995106 81.18114835398485 0
1530.058186422799 353.1626790875268 0
92.21658488692061 464.9569218516158 0
1392.882352555044 515.3433885313376 0
1146.05624610253 511.7244473831346 0
1356.665290561928 279.0425509874498 0
2625.305559123044 24.35044441918238 0
3386.272767841961 23.5723699192019 0
2448.362522465606 534.6075503728223 0
55.98762518933859 270.3160824351759 0
876.2886545156616 21.89877843764873 0
1284.111538022707 133.7862115574311 0
1969.305233396025 506.1766352144962 0
92.74059548543849 52.36515704088575 0
1127.892816091201 339.1117630428947 0
1476.048611116817 255.2868783403611 0
1487.787316543947 476.5511254793564 0
1419.976633311099 372.8661973232649 0
1103.781845055081 331.4399704397985 0
617.9140131247054 560.9386257519737 0
1568.144662440545 232.023699195229 0
1339.883742913759 304.4492695517519 0
1357.945730879124 27.94790744721125 0
1934.932825422498 23.80102067160791 0
943.2377063311694 562.5863889424401 0
2038.608269980976 241.7247318937229 0
297.6860082381526 536.8914048662649 0
50.49369355039274 449.4974041090483 0
48.67545668612863 389.1226095644775 0
1467.4802387903 381.6418072168079 0
1470.298675418565 190.0526661564453 0
895.1713527834478 217.32484817155 0
1407.988786876947 254.4124869852898 0
1284.13415069406 340.3717035913419 0
1685.098844000519 539.8803341615561 0
2896.61440730579 141.2990306888225 0
1486.724205205627 285.4511778070925 0
2591.09509636848 24.57165287664211 0
1399.180294644249 50.50867902970057 0
3879.64028619005 532.060104798607 0
1497.995976933171 316.6049306198611 0
1229.656542509941 111.5425221690652 0
3167.358405692633 533.0467813177478 0
181.3079935504129 20.70031166041303 0
2414.614251027698 51.40168472630319 0
1483.452976010656 342.2090132661056 0
1636.707126114748 324.4883815481123 0
446.2809917354132 20.6555388291452 0
1059.888256126492 334.0115669038915 0
3951.411660796966 293.0723307709101 0
1769.375852805797 332.286226481519 0
1539.519606602129 342.5814870493093 0
436.5686754892031 532.6726379483384 0
2676.638072580633 535.4964040709093 0
3404.575213858277 537.692929837618 0
191.1842254324737 528.624114795762 0
1018.487103515509 305.3835585592165 0
1476.841940999635 516.1812027478577 0
1482.098278098706 537.2494183807747 0
1794.222652594783 218.3219722371928 0
391.1030180842914 533.9802049244253 0
3836.670744115986 84.66146168758038 0
1220.113533105447 423.7167686494167 0
1256.070330687175 110.1763471375839 0
3686.167043614509 508.4966693973798 0
1406.822197262473 100.6131125933814 0
3555.186161918193 77.40136697865891 0
3105.81809630914 105.7331096316298 0
2191.92433794138 507.0828416070296 0
2159.110360917598 79.07128970000623 0
986.9292388986782 83.12071529188712 0
969.9389097098593 58.74752442345364 0
3515.58552409957 67.85260318645295 0
3975.715747236241 24.15139875388731 0
24.28425276374707 561.7535914255474 0
3975.715747236279 561.7535914255326 0
653.6951372072309 53.52314801494537 0
1553.665978593285 287.9837847662907 0
3950.715889662978 425.2214658384036 0
2966.603511559672 83.64443586124409 0
23.69443204510966 22.46904357400458 0
1381.656882536612 23.92950766478564 0
677.0857370940001 508.3632998912507 0
395.405425505746 49.24587733285411 0
1372.878074324594 331.0736770077225 0
2943.537361067148 536.9119800458298 0
2133.309161027033 74.26194622357487 0
1333.057609809527 351.5463250528576 0
2478.132695077768 537.225853750132 0
1553.086265981225 345.7605049791181 0
2002.105257023954 508.227689146591 0
1480.824494468149 248.2090115709811 0
3926.755218707126 91.59884268318022 0
1005.063334251027 230.6934413722633 0
1225.34719651328 333.4594031684288 0
2863.624814147718 74.00502704840444 0
1529.211349923201 47.01515672097568 0
1541.083083852015 320.2348068803954 0
1356.513089122629 273.7182094301255 0
1484.874632647503 240.7289976868139 0
1253.288730686252 201.632562991113 0
2926.11182839639 103.2038036008506 0
951.183748377768 239.5629424533363 0
572.2878899326354 563.7718715152937 0
1084.915095409696 346.6925846951711 0
1376.402623544065 165.5249467891267 0
48.36185403426618 99.09982024901262 0
1117.857876981092 270.640940674227 0
1318.690675485611 408.8120691357787 0
214.9096451713283 566.4008289241384 0
2942.352477996585 47.37484109064945 0
1588.658893247624 541.3872083457032 0
2205.252056626134 530.8564292963201 0
1364.438887583165 444.3029224092052 0
1356.528182457922 292.9074928072267 0
1460.899551071158 538.2459099420003 0
908.2509824352129 134.0087724867149 0
1334.871696120261 241.2692815736936 0
3913.434902292539 532.774651002245 0
1048.596220430034 535.2724611214984 0
1206.088831437132 285.3977003709278 0
1392.89725367284 366.2879402858841 0
1330.33158399594 258.7768625244599 0
3197.742073700886 534.3353576460896 0
1387.356522550996 431.0857844632969 0
1247.120806685649 410.6979854435515 0
2381.979953514592 51.63707053993929 0
1570.681604378351 430.2169011240639 0
2518.498200054493 531.6888479999294 0
1447.574627031275 192.5242789398324 0
1342.058214996163 249.9130630999734 0
3366.497141479186 49.66846925993333 0
2231.30536802076 566.5833462405695 0
1876.761042931043 80.46582382879808 0
1552.358261203686 258.8613558484716 0
1384.475594429874 379.3897144071349 0
2710.216728623257 537.872115632582 0
3719.127133668026 510.1342770304107 0
1470.754397585302 228.3157155434884 0
1479.582570869797 153.4786657694656 0
1205.930292973042 113.0995541666883 0
3337.141601265479 79.58779939059276 0
1173.962638939219 515.5849874106573 0
3435.57505651063 505.4457690327108 0
1535.834563142304 89.53277255515441 0
1437.199569422504 255.9504763724585 0
1988.639563177107 189.2985269944137 0
1826.579730112392 507.3034753376555 0
19.08001473210536 244.2816136260757 0
231.6238200030013 45.88542936626557 0
1547.251593115115 242.5323755387481 0
3074.380287611576 103.6889601462516 0
2031.182058987921 192.8400999907685 0
1648.156672872082 306.6734640462694 0
1386.706844864218 329.7825272175717 0
1547.663609130927 273.2824195961196 0
3948.767353544117 533.3225711977149 0
1370.261850521945 323.7836812874571 0
1321.212276764853 269.9755145782713 0
1547.397027059174 331.2536395855143 0
1547.230047134042 204.2553536912243 0
1332.355296299374 515.3348922941236 0
755.6586496918768 80.05834925626797 0
1329.109558160097 293.8441835188447 0
2578.07619062686 46.53100401271853 0
2102.962014983264 106.7747056649536 0
3790.556891735449 522.4449333003515 0
1583.126026394416 230.6233005899425 0
1522.679377208032 375.3622774625634 0
2974.350343213301 539.4707861958088 0
45.35768830400676 357.9805598511702 0
1060.306410240138 223.2067704107052 0
1476.700584755726 177.8422194510813 0
959.3904794311478 541.2763445387371 0
1378.986536965168 216.4247188123553 0
1504.132231404863 569.8349251768423 0
1404.526770799056 250.5656290130754 0
3981.954757699987 146.3963274904226 0
1902.164947210349 52.23664627548818 0
1486.76505281856 310.4014971965181 0
1651.580456326747 211.6863686733842 0
584.1065810599904 78.26155662934113 0
1321.900070241528 424.2118809024691 0
1509.679674517562 276.7368827921476 0
1378.81598754022 255.9571678443961 0
151.265143773937 477.9659363456769 0
2859.638432873844 19.75032099838387 0
64.55252834233701 45.35946794951013 0
3814.092336070436 77.97662846303396 0
1195.434829917322 417.2652630852905 0
2032.87998444181 511.9916023061673 0
1407.348643552741 336.9457612574597 0
1633.08625738394 55.62720213391658 0
760.0150060703836 537.8639018984043 0
1848.683662512206 227.101634665826 0
2339.108611876434 77.98178734496786 0
1833.9371779719 245.6309784154182 0
1371.978254621254 338.818394293027 0
1389.160820194596 254.9344048291773 0
1418.356548055934 217.3257837532308 0
3955.883885140289 228.3321579648047 0
3751.139029571799 511.2511673613138 0
1717.315284184092 540.6274291706665 0
1487.439137915936 268.932835965846 0
$EndNodes
$Elements
9 6894 1 6894
1 1 1 17
1 1 9 
2 9 10 
3 10 11 
4 11 12 
5 12 13 
6 13 14 
7 14 15 
8 15 16 
9 16 17 
10 17 18 
11 18 19 
12 19 20 
13 20 21 
14 21 22 
15 22 23 
16 23 24 
17 24 2 
1 2 1 8
18 2 25 
19 25 26 
20 26 27 
21 27 28 
22 28 29 
23 29 30 
24 30 31 
25 31 3 
1 3 1 17
26 3 32 
27 32 33 
28 33 34 
29 34 35 
30 35 36 
31 36 37 
32 37 38 
33 38 39 
34 39 40 
35 40 41 
36 41 42 
37 42 43 
38 43 44 
39 44 45 
40 45 46 
41 46 47 
42 47 4 
1 4 1 8
43 4 48 
44 48 49 
45 49 50 
46 50 51 
47 51 52 
48 52 53 
49 53 54 
50 54 1 
1 5 1 18
51 8 55 
52 55 56 
53 56 57 
54 57 58 
55 58 59 
56 59 60 
57 60 61 
58 61 62 
59 62 63 
60 63 64 
61 64 65 
62 65 66 
63 66 67 
64 67 68 
65 68 69 
66 69 70 
67 70 71 
68 71 5 
1 6 1 121
69 5 72 
70 72 73 
71 73 74 
72 74 75 
73 75 76 
74 76 77 
75 77 78 
76 78 79 
77 79 80 
78 80 81 
79 81 82 
80 82 83 
81 83 84 
82 84 85 
83 85 86 
84 86 87 
85 87 88 
86 88 89 
87 89 90 
88 90 91 
89 91 92 
90 92 93 
91 93 94 
92 94 95 
93 95 96 
94 96 97 
95 97 98 
96 98 99 
97 99 100 
98 100 101 
99 101 102 
100 102 103 
101 103 104 
102 104 105 
103 105 106 
104 106 107 
105 107 108 
106 108 109 
107 109 110 
108 110 111 
109 111 112 
110 112 113 
111 113 114 
112 114 115 
113 115 116 
114 116 117 
115 117 118 
116 118 119 
117 119 120 
118 120 121 
119 121 122 
120 122 123 
121 123 124 
122 124 125 
123 125 126 
124 126 127 
125 127 128 
126 128 129 
127 129 130 
128 130 131 
129 131 132 
130 132 133 
131 133 134 
132 134 135 
133 135 136 
134 136 137 
135 137 138 
136 138 139 
137 139 140 
138 140 141 
139 141 142 
140 142 143 
141 143 144 
142 144 145 
143 145 146 
144 146 147 
145 147 148 
146 148 149 
147 149 150 
148 150 151 
149 151 152 
150 152 153 
151 153 154 
152 154 155 
153 155 156 
154 156 157 
155 157 158 
156 158 159 
157 159 160 
158 160 161 
159 161 162 
160 162 163 
161 163 164 
162 164 165 
163 165 166 
164 166 167 
165 167 168 
166 168 169 
167 169 170 
168 170 171 
169 171 172 
170 172 173 
171 173 174 
172 174 175 
173 175 176 
174 176 177 
175 177 178 
176 178 179 
177 179 180 
178 180 181 
179 181 182 
180 182 183 
181 183 184 
182 184 185 
183 185 186 
184 186 187 
185 187 188 
186 188 189 
187 189 190 
188 190 191 
189 191 6 
1 7 1 18
190 6 192 
191 192 193 
192 193 194 
193 194 195 
194 195 196 
195 196 197 
196 197 198 
197 198 199 
198 199 200 
199 200 201 
200 201 202 
201 202 203 
202 203 204 
203 204 205 
204 205 206 
205 206 207 
206 207 208 
207 208 7 
1 8 1 121
208 7 209 
209 209 210 
210 210 211 
211 211 212 
212 212 213 
213 213 214 
214 214 215 
215 215 216 
216 216 217 
217 217 218 
218 218 219 
219 219 220 
220 220 221 
221 221 222 
222 222 223 
223 223 224 
224 224 225 
225 225 226 
226 226 227 
227 227 228 
228 228 229 
229 229 230 
230 230 231 
231 231 232 
232 232 233 
233 233 234 
234 234 235 
235 235 236 
236 236 237 
237 237 238 
238 238 239 
239 239 240 
240 240 241 
241 241 242 
242 242 243 
243 243 244 
244 244 245 
245 245 246 
246 246 247 
247 247 248 
248 248 249 
249 249 250 
250 250 251 
251 251 252 
252 252 253 
253 253 254 
254 254 255 
255 255 256 
256 256 257 
257 257 258 
258 258 259 
259 259 260 
260 260 261 
261 261 262 
262 262 263 
263 263 264 
264 264 265 
265 265 266 
266 266 267 
267 267 268 
268 268 269 
269 269 270 
270 270 271 
271 271 272 
272 272 273 
273 273 274 
274 274 275 
275 275 276 
276 276 277 
277 277 278 
278 278 279 
279 279 280 
280 280 281 
281 281 282 
282 282 283 
283 283 284 
284 284 285 
285 285 286 
286 286 287 
287 287 288 
288 288 289 
289 289 290 
290 290 291 
291 291 292 
292 292 293 
293 293 294 
294 294 295 
295 295 296 
296 296 297 
297 297 298 
298 298 299 
299 299 300 
300 300 301 
301 301 302 
302 302 303 
303 303 304 
304 304 305 
305 305 306 
306 306 307 
307 307 308 
308 308 309 
309 309 310 
310 310 311 
311 311 312 
312 312 313 
313 313 314 
314 314 315 
315 315 316 
316 316 317 
317 317 318 
318 318 319 
319 319 320 
320 320 321 
321 321 322 
322 322 323 
323 323 324 
324 324 325 
325 325 326 
326 326 327 
327 327 328 
328 328 8 
2 2 2 6566
329 81 82 2212 
330 357 1989 2940 
331 2606 1426 3035 
332 1788 1874 3072 
333 906 2921 3054 
334 454 2174 2240 
335 2016 3 2873 
336 2251 711 3013 
337 1989 459 2940 
338 2866 748 3292 
339 808 724 2624 
340 2542 1382 2958 
341 459 1989 3204 
342 3026 1410 3207 
343 337 1973 1974 
344 2585 1723 3140 
345 363 1990 3025 
346 2528 2527 3056 
347 1541 1971 2221 
348 845 842 2044 
349 1476 2012 2972 
350 3141 815 3357 
351 2142 1689 2732 
352 2012 1476 3261 
353 1830 1975 3069 
354 1049 845 2044 
355 2228 2225 3148 
356 3081 1048 3143 
357 713 827 2013 
358 2018 2237 3273 
359 1578 2047 2545 
360 1989 1988 3204 
361 3007 1908 3097 
362 2216 1549 2659 
363 724 722 2624 
364 2051 1979 2265 
365 3072 2113 3208 
366 347 2025 2554 
367 1989 357 2961 
368 3 2016 2874 
369 2104 3085 3278 
370 1961 394 3225 
371 471 2054 2891 
372 1987 1988 1989 
373 1446 1541 2221 
374 1993 1477 1994 
375 373 2664 2895 
376 2516 1494 2615 
377 1951 437 3316 
378 2037 1332 3284 
379 3085 1942 3278 
380 1987 1527 1988 
381 1899 2784 3096 
382 2066 1899 3096 
383 1860 3026 3207 
384 2521 1725 2522 
385 912 1954 2112 
386 1982 430 1984 
387 1814 1005 2327 
388 808 2082 2198 
389 3082 2057 3264 
390 1561 1709 2049 
391 2023 830 2106 
392 1925 2089 3211 
393 1934 400 2882 
394 2496 1250 2499 
395 437 1951 2800 
396 457 1956 3398 
397 821 2123 2124 
398 2898 2815 3067 
399 2664 1967 2895 
400 427 2526 2683 
401 29 28 2915 
402 740 742 2053 
403 2211 2212 3185 
404 1494 2516 3387 
405 2009 2137 3207 
406 2013 827 3379 
407 821 2027 2123 
408 2015 1948 2874 
409 1992 1477 1993 
410 1273 2228 3148 
411 750 748 2866 
412 464 1981 2690 
413 718 716 2899 
414 1990 1906 3025 
415 1956 457 2937 
416 1931 1361 1972 
417 1856 1547 2556 
418 2061 3141 3357 
419 2025 1869 2554 
420 2180 2050 2193 
421 2038 471 2891 
422 2179 2050 2180 
423 830 2023 2105 
424 361 2186 3177 
425 2131 2251 3013 
426 1993 2939 2941 
427 2325 1385 2950 
428 2144 1893 3053 
429 2043 2870 2946 
430 2212 2213 3185 
431 1332 1566 3284 
432 2921 1910 3054 
433 1966 1542 1998 
434 2661 2564 3372 
435 2089 109 3211 
436 1931 1972 3179 
437 1787 3072 3208 
438 1975 415 3069 
439 1762 2027 2122 
440 2195 2909 3349 
441 1973 337 1975 
442 1426 2508 3035 
443 1005 1292 2327 
444 2597 1278 2933 
445 2195 1842 2909 
446 1954 912 3072 
447 1262 2051 2265 
448 2410 2566 2680 
449 756 2216 2659 
450 2174 2032 2240 
451 1723 2538 3140 
452 2047 440 2545 
453 1048 3081 3082 
454 2049 1709 2230 
455 1993 1994 3222 
456 2695 1932 3019 
457 2082 2081 2198 
458 1975 1830 3209 
459 2327 2325 2950 
460 400 1934 3168 
461 1050 2002 2992 
462 1786 2528 3056 
463 1689 2142 2858 
464 2219 427 2683 
465 1976 1453 1977 
466 748 772 3292 
467 2520 1725 2521 
468 2208 1644 2209 
469 1329 1332 2037 
470 701 2018 3273 
471 28 330 2915 
472 2482 2752 2923 
473 2188 1905 3038 
474 2944 2874 2961 
475 3029 1920 3142 
476 2499 1250 2500 
477 1966 1998 3249 
478 368 3029 3142 
479 394 1961 2991 
480 2009 668 2137 
481 742 746 2053 
482 1971 1541 2855 
483 1200 2088 2218 
484 2564 2661 2723 
485 2019 406 2782 
486 2541 2542 2958 
487 1479 1447 2175 
488 2538 1723 2989 
489 2065 1479 3355 
490 415 1963 3069 
491 394 2991 3291 
492 520 518 2179 
493 1963 415 3103 
494 1937 2024 2913 
495 2991 1939 3291 
496 2252 815 3368 
497 3113 1781 3210 
498 2491 3113 3210 
499 710 713 2013 
500 1381 2062 2974 
501 881 879 2120 
502 687 1959 3412 
503 2733 1903 2856 
504 423 81 2212 
505 1787 1788 3072 
506 82 367 2212 
507 2199 379 2340 
508 1547 1732 2556 
509 2537 2538 2989 
510 2515 2516 2615 
511 1984 430 2083 
512 2855 676 2904 
513 2122 2027 3215 
514 881 2120 3361 
515 1479 2065 3153 
516 699 701 2092 
517 849 2132 3063 
518 2246 1404 3099 
519 1915 1908 3007 
520 1381 1379 2062 
521 1945 669 2046 
522 851 849 3063 
523 1478 1477 1992 
524 2815 523 3067 
525 2106 2862 3228 
526 2193 1649 2401 
527 3073 444 3213 
528 1642 2484 2485 
529 831 1985 3242 
530 912 2113 3072 
531 2752 1745 2923 
532 1528 1527 1987 
533 1472 1469 1957 
534 1448 2055 2091 
535 2566 1648 2680 
536 2870 2 2946 
537 1530 1852 2237 
538 3024 2196 3077 
539 1904 1905 2188 
540 2133 1956 2937 
541 3022 2119 3079 
542 485 482 2106 
543 2039 1262 2040 
544 3184 2029 3283 
545 687 689 1959 
546 409 3184 3283 
547 2508 1426 2883 
548 468 471 2038 
549 1796 2124 3062 
550 2002 1050 2200 
551 907 2695 3019 
552 753 3216 3277 
553 2045 1578 2545 
554 1260 3022 3079 
555 1911 2262 2995 
556 2340 379 3235 
557 2311 2310 2886 
558 2516 2518 3387 
559 2133 2937 3090 
560 1625 1627 2241 
561 2341 2677 3087 
562 1717 2200 2953 
563 337 1974 2865 
564 2003 665 2004 
565 842 844 2044 
566 657 1997 2050 
567 2211 423 2212 
568 427 2219 2976 
569 2570 3088 3205 
570 1951 1920 2800 
571 2186 1889 3177 
572 2057 1439 3264 
573 192 193 2298 
574 3178 1074 3217 
575 2874 1948 2961 
576 55 56 2302 
577 1438 2123 3030 
578 2082 808 2624 
579 2410 365 2566 
580 1447 1574 2175 
581 2995 2262 3287 
582 809 718 2899 
583 1981 464 3431 
584 2155 2993 3094 
585 1666 2530 3385 
586 1529 1530 2237 
587 1278 2535 2933 
588 1930 2246 3099 
589 1326 1453 1976 
590 2939 1993 3222 
591 2016 2015 2874 
592 1749 1722 3123 
593 3088 1843 3205 
594 753 2090 3216 
595 1574 2104 2175 
596 2265 2128 3447 
597 87 3102 3225 
598 2186 458 2985 
599 1292 2326 2327 
600 2800 1920 3029 
601 508 511 2894 
602 430 1982 2190 
603 1436 2031 2032 
604 701 702 2018 
605 2530 1666 2933 
606 1978 2914 3280 
607 1542 1427 1998 
608 390 2965 2977 
609 2311 2886 3346 
610 2058 1550 2059 
611 1909 1985 3198 
612 2215 1549 2216 
613 1539 1446 2221 
614 822 699 2092 
615 2062 2252 2974 
616 2522 3178 3217 
617 971 2052 2726 
618 2119 656 2239 
619 2219 2220 2976 
620 2506 2508 2883 
621 2528 3187 3288 
622 2025 3073 3213 
623 3100 1255 3111 
624 2484 1642 2753 
625 1644 2208 2241 
626 3132 1 3157 
627 1967 432 2895 
628 2204 1199 2215 
629 2011 709 2012 
630 2554 3201 3297 
631 717 982 2033 
632 1546 2515 2615 
633 3187 1895 3288 
634 1985 831 3198 
635 1962 1961 3225 
636 2210 423 2211 
637 155 156 2190 
638 3201 1661 3297 
639 1978 1976 2914 
640 2197 2196 3024 
641 2036 466 2038 
642 1472 1957 3435 
643 906 861 2921 
644 1408 2304 3246 
645 665 2009 2077 
646 395 3007 3097 
647 2326 1292 2328 
648 669 671 2046 
649 815 2252 3357 
650 2178 3092 3097 
651 1997 657 2726 
652 3278 1942 3446 
653 466 468 2038 
654 658 665 2003 
655 432 1967 3056 
656 1566 2015 2016 
657 1960 1015 3374 
658 1796 1462 2114 
659 2499 2500 2966 
660 1448 2091 3338 
661 1468 1955 1956 
662 1949 2703 3400 
663 1796 2114 3241 
664 1234 3009 3160 
665 2750 1846 3265 
666 1776 2186 2985 
667 3179 4 3401 
668 1711 2546 2669 
669 740 2053 3129 
670 2703 1949 3136 
671 2985 2943 3040 
672 2297 1888 3108 
673 1926 687 3412 
674 1435 1775 2031 
675 2020 2008 3151 
676 451 2110 2676 
677 1359 1358 1846 
678 1832 3006 3100 
679 465 410 466 
680 2033 982 2114 
681 2993 1640 3094 
682 2205 2204 2215 
683 1909 3198 3260 
684 1932 2695 3344 
685 2500 1293 2966 
686 2143 2144 3053 
687 2484 2753 3010 
688 2077 2009 3321 
689 3102 1962 3225 
690 415 1975 3254 
691 1200 2218 3279 
692 2203 883 3110 
693 3064 2174 3112 
694 465 466 2036 
695 192 2298 3317 
696 905 1262 2039 
697 3092 2026 3097 
698 1253 1358 1359 
699 2571 1917 3320 
700 1452 2060 2061 
701 518 657 2179 
702 55 2302 3318 
703 2224 332 3037 
704 2185 2142 2732 
705 1563 1561 2049 
706 2304 1408 3174 
707 452 2870 3447 
708 1550 2081 2082 
709 1968 2606 3035 
710 406 2262 2782 
711 2341 2340 2677 
712 1917 2571 3165 
713 2101 1749 3123 
714 391 1963 3103 
715 1937 467 2121 
716 663 668 2009 
717 1947 1987 1989 
718 1739 2535 2581 
719 2201 676 2855 
720 1279 1427 1542 
721 1918 2574 3320 
722 1995 2661 3372 
723 958 520 2179 
724 1888 2297 3336 
725 821 2124 2978 
726 2123 1710 3030 
727 1382 2542 3230 
728 1550 1373 2081 
729 2032 2031 2240 
730 1942 1943 3446 
731 2063 386 2064 
732 2023 2106 3228 
733 404 2733 2856 
734 883 2203 3159 
735 2200 1050 2953 
736 1279 1075 1427 
737 400 287 2101 
738 2068 419 2099 
739 386 2065 2146 
740 2506 2883 3050 
741 1053 1075 1279 
742 2568 3012 3125 
743 511 2096 2894 
744 386 2063 2065 
745 1527 1478 1992 
746 830 485 2106 
747 988 2073 2981 
748 1332 1334 1566 
749 1874 1954 3072 
750 2149 2150 2151 
751 2050 1649 2193 
752 440 2047 2546 
753 2071 479 3048 
754 707 709 2011 
755 2020 3151 3190 
756 1888 1887 3108 
757 1375 1550 2058 
758 1253 1065 1358 
759 292 383 2144 
760 1525 2074 3068 
761 2148 1892 3109 
762 1946 1531 1947 
763 493 2003 2005 
764 1963 391 3315 
765 2048 1563 2049 
766 1539 2221 2979 
767 2527 432 3056 
768 1405 1326 1976 
769 1763 2202 3170 
770 282 386 2146 
771 1531 1528 1987 
772 2173 2174 3064 
773 3006 1832 3120 
774 2303 408 2305 
775 1749 2098 2107 
776 721 821 2978 
777 2024 1937 3340 
778 2202 1763 3216 
779 2092 701 3273 
780 1971 2855 2904 
781 830 2105 2934 
782 1405 1976 1978 
783 406 2019 2984 
784 272 273 2185 
785 1947 1989 2961 
786 1372 2079 2080 
787 2753 1755 3010 
788 483 2056 2967 
789 1979 2128 2265 
790 3083 1748 3188 
791 1988 1527 1992 
792 1053 986 1075 
793 1814 2327 2950 
794 1361 1359 1972 
795 1427 1845 1998 
796 988 1098 2073 
797 1965 1542 1966 
798 1363 1361 1931 
799 2098 1749 2101 
800 1359 1846 1972 
801 2535 1278 2581 
802 1477 1474 1994 
803 1061 2202 3018 
804 1956 1955 3398 
805 3108 1887 3206 
806 467 410 2121 
807 2229 1539 2979 
808 1372 1257 2079 
809 1468 1466 1955 
810 431 2568 3125 
811 643 2093 2095 
812 1616 2193 2401 
813 2041 2040 2042 
814 2943 358 3040 
815 3007 304 3167 
816 2127 335 2573 
817 1325 3084 3378 
818 59 3107 3114 
819 869 912 2112 
820 2505 2506 3050 
821 1284 1063 2864 
822 1334 1400 2015 
823 1666 2597 2933 
824 1893 2144 3109 
825 1627 1644 2241 
826 1882 2983 2994 
827 1758 2224 3037 
828 874 877 2197 
829 3070 2513 3130 
830 1323 1326 1405 
831 1452 2058 2060 
832 697 699 822 
833 1629 1631 2816 
834 2115 2119 2239 
835 483 486 2056 
836 1327 1329 2037 
837 117 387 2121 
838 1876 1873 2030 
839 516 514 2726 
840 1946 1947 1948 
841 1887 2320 3206 
842 1832 3100 3111 
843 2949 1992 3219 
844 638 2118 2982 
845 2033 2114 2932 
846 1466 1464 1944 
847 2965 2135 2977 
848 330 2914 2915 
849 1683 3012 3161 
850 2546 2047 2669 
851 1035 1033 2283 
852 1846 1358 3265 
853 2146 2065 3355 
854 511 513 2096 
855 1903 2010 2856 
856 2118 638 2851 
857 2004 665 2077 
858 1566 1334 2015 
859 884 881 1015 
860 2932 2114 3126 
861 1996 1054 3407 
862 2039 2040 2041 
863 1063 978 2864 
864 1646 1625 2241 
865 1947 1531 1987 
866 841 846 2191 
867 1939 1913 2964 
868 1015 1960 3366 
869 2260 536 2894 
870 658 663 665 
871 1913 2880 3327 
872 395 2026 3014 
873 2042 2040 2043 
874 156 430 2190 
875 841 840 842 
876 517 519 2887 
877 523 2008 3067 
878 419 2068 2184 
879 2320 1887 3305 
880 1565 1563 2048 
881 2677 405 3087 
882 2880 2213 3327 
883 115 410 465 
884 1626 1641 2171 
885 833 707 2011 
886 1992 1993 3219 
887 1065 1054 1996 
888 473 2188 3038 
889 995 1199 2928 
890 2305 1727 3246 
891 665 663 2009 
892 1835 1542 1965 
893 438 2140 2141 
894 1466 1944 1955 
895 1901 2518 3298 
896 1546 2512 2515 
897 411 2064 3419 
898 1474 1472 1849 
899 2108 3179 3401 
900 2012 2014 2972 
901 674 677 686 
902 1948 2015 3289 
903 705 707 833 
904 1781 2537 2989 
905 2124 1796 3241 
906 2058 2059 2060 
907 1557 2032 2174 
908 1999 2585 3140 
909 2352 747 3152 
910 2011 2012 3261 
911 839 838 840 
912 847 1049 3071 
913 2052 1997 2726 
914 1872 1565 2048 
915 686 687 1926 
916 822 2092 3104 
917 1783 2155 2268 
918 2518 1901 3387 
919 2027 821 3215 
920 343 1999 3140 
921 1745 2570 2923 
922 1988 1992 2949 
923 1566 2016 2875 
924 1430 2131 2885 
925 2676 2110 3322 
926 1435 1437 1775 
927 650 3196 3303 
928 2170 2171 2172 
929 1474 1849 1994 
930 438 2141 2142 
931 466 467 468 
932 686 1927 2046 
933 886 2076 3402 
934 1436 1435 2031 
935 1842 2195 2996 
936 1100 1099 1435 
937 697 698 699 
938 839 840 841 
939 643 2095 2096 
940 1042 1080 2858 
941 3378 3084 3394 
942 1408 2336 3174 
943 524 526 2368 
944 1326 1327 1453 
945 841 842 845 
946 536 508 2894 
947 1252 1065 1253 
948 2042 2043 2946 
949 468 469 470 
950 437 2436 3316 
951 1559 2017 3420 
952 1727 2305 3271 
953 1323 1324 1326 
954 470 472 473 
955 905 1004 1262 
956 123 333 2154 
957 833 2011 2074 
958 352 272 2185 
959 847 845 1049 
960 1642 2485 2486 
961 2105 1790 2934 
962 1373 1372 2081 
963 877 908 2197 
964 2258 1066 2259 
965 2126 660 2780 
966 709 710 2013 
967 1390 1953 3441 
968 987 986 1053 
969 2149 2147 2150 
970 2189 517 2887 
971 809 2899 3426 
972 2780 660 2781 
973 2056 1439 2057 
974 1717 1766 2200 
975 3196 2170 3303 
976 2154 333 2155 
977 1996 1835 3265 
978 912 867 2113 
979 2537 1781 3113 
980 2885 2131 3013 
981 2104 1574 3085 
982 747 2352 3351 
983 1953 2108 3328 
984 1404 2163 2164 
985 837 838 839 
986 1293 2591 3323 
987 495 658 2003 
988 1856 2556 3270 
989 155 2190 2358 
990 385 2028 3091 
991 473 474 475 
992 412 106 2102 
993 413 278 2103 
994 1049 2044 3343 
995 839 841 2191 
996 438 274 2140 
997 150 3250 3281 
998 479 477 2176 
999 479 2176 3048 
1000 466 410 467 
1001 401 465 2036 
1002 2372 684 2373 
1003 1632 1636 2165 
1004 1948 1947 2961 
1005 1628 1626 2171 
1006 713 715 827 
1007 2064 411 3302 
1008 1791 1790 2105 
1009 2202 1730 3018 
1010 2093 643 2189 
1011 702 705 2018 
1012 475 476 477 
1013 743 3258 3262 
1014 2165 1636 2166 
1015 1379 1452 2062 
1016 2104 380 2175 
1017 477 478 480 
1018 2051 1097 3427 
1019 1739 2534 2535 
1020 1363 1931 1953 
1021 365 2410 2888 
1022 515 517 2189 
1023 2194 2195 2196 
1024 3118 883 3159 
1025 1640 2153 3094 
1026 349 2998 3046 
1027 853 851 1099 
1028 1709 1559 3420 
1029 844 905 2039 
1030 2209 1644 2816 
1031 1199 2204 2928 
1032 2307 3362 3400 
1033 1097 1322 1323 
1034 1537 1535 1557 
1035 414 2135 2965 
1036 1243 1404 2246 
1037 715 717 2033 
1038 1559 1537 2017 
1039 513 643 2096 
1040 2128 452 3447 
1041 382 2089 3192 
1042 2008 523 3151 
1043 3207 1410 3321 
1044 1561 1559 1709 
1045 2098 389 2107 
1046 671 674 2046 
1047 2177 1940 3083 
1048 886 884 2076 
1049 658 659 663 
1050 1015 881 3361 
1051 2225 2224 3148 
1052 2278 2183 3194 
1053 1535 1436 2032 
1054 493 495 2003 
1055 2336 1408 3429 
1056 2570 1745 3088 
1057 1882 2994 3191 
1058 1479 2175 3355 
1059 2147 294 2150 
1060 376 3223 3267 
1061 1999 343 3367 
1062 1838 2999 3058 
1063 2121 387 3340 
1064 891 886 986 
1065 3124 2164 3197 
1066 686 677 687 
1067 1788 1565 1872 
1068 2025 347 3073 
1069 1098 1456 2073 
1070 2780 2781 2930 
1071 1775 1437 1776 
1072 863 861 906 
1073 2350 810 3415 
1074 2151 3083 3188 
1075 986 886 3402 
1076 1953 1931 2108 
1077 657 2050 2179 
1078 489 491 1439 
1079 1435 1099 1437 
1080 1427 1844 1845 
1081 884 1015 2076 
1082 1873 1872 2030 
1083 2088 1200 3049 
1084 1432 1898 2131 
1085 879 2112 2120 
1086 2171 1641 2172 
1087 2747 1701 2847 
1088 1456 2071 2072 
1089 1464 1390 3441 
1090 468 467 469 
1091 1945 2046 3333 
1092 689 697 1959 
1093 699 700 701 
1094 2028 2029 3091 
1095 475 477 479 
1096 827 715 2033 
1097 486 489 2056 
1098 470 469 472 
1099 480 837 2176 
1100 3250 2007 3281 
1101 686 1926 1927 
1102 1062 1054 1065 
1103 666 2365 2367 
1104 1100 1435 1436 
1105 396 2541 3156 
1106 2117 2165 2166 
1107 1033 1234 2283 
1108 2521 2522 2523 
1109 1097 1323 3427 
1110 2138 1943 3015 
1111 2541 2959 3156 
1112 1372 2080 2081 
1113 1977 1453 1980 
1114 2031 1775 3040 
1115 2365 666 2369 
1116 1257 1249 2079 
1117 3020 1706 3158 
1118 2026 395 3097 
1119 2194 1246 2195 
1120 2059 1550 2082 
1121 837 1458 2176 
1122 3009 2021 3160 
1123 381 2960 3127 
1124 2964 1913 3327 
1125 2192 3098 3274 
1126 1262 1004 2051 
1127 853 1099 1100 
1128 2208 390 2977 
1129 2220 344 2976 
1130 2690 1981 3350 
1131 2574 1918 3163 
1132 3378 2077 3399 
1133 2054 471 3237 
1134 2012 2013 2014 
1135 378 2066 3096 
1136 1537 1557 2017 
1137 2155 333 2268 
1138 1875 1873 1876 
1139 1998 1845 2343 
1140 273 438 2185 
1141 355 3121 3146 
1142 1469 1468 1957 
1143 468 470 471 
1144 2324 2329 2344 
1145 1778 1779 2229 
1146 1379 1377 1452 
1147 1404 1241 2163 
1148 2373 684 2637 
1149 1463 1390 1464 
1150 1557 1535 2032 
1151 1937 2121 3340 
1152 1990 363 3263 
1153 1219 1012 2868 
1154 514 971 2726 
1155 3004 1540 3053 
1156 1915 3007 3167 
1157 489 1439 2056 
1158 473 472 474 
1159 1465 1464 1466 
1160 2183 2278 3269 
1161 705 706 707 
1162 2028 385 3410 
1163 837 484 838 
1164 689 696 697 
1165 1004 1097 2051 
1166 2005 2004 2006 
1167 389 2143 2986 
1168 2018 833 2236 
1169 2064 386 3419 
1170 707 708 709 
1171 867 865 2113 
1172 3144 2408 3224 
1173 274 275 2140 
1174 120 381 3127 
1175 331 2130 2138 
1176 348 1995 3372 
1177 1846 2750 2926 
1178 1456 2072 2073 
1179 717 719 982 
1180 391 2226 2227 
1181 1876 2343 3186 
1182 463 2307 3400 
1183 480 484 837 
1184 2112 1954 2120 
1185 2040 1262 2265 
1186 643 515 2189 
1187 1631 1783 2816 
1188 674 686 2046 
1189 383 2148 3109 
1190 387 118 3180 
1191 2036 2038 2318 
1192 1100 1534 2785 
1193 3107 1928 3114 
1194 1066 2258 2728 
1195 2746 2745 3036 
1196 2818 907 3019 
1197 1734 3070 3130 
1198 1646 2241 2977 
1199 2087 2591 3345 
1200 1377 1375 2058 
1201 471 470 3038 
1202 332 104 2129 
1203 331 276 2130 
1204 3192 2089 3229 
1205 3091 2029 3184 
1206 1259 1257 1372 
1207 2236 1529 2237 
1208 378 2010 3253 
1209 663 664 668 
1210 2092 2078 3104 
1211 495 510 658 
1212 1390 1363 1953 
1213 3223 2134 3267 
1214 2020 3190 3294 
1215 1259 1372 1373 
1216 2512 1546 2852 
1217 2591 2087 3323 
1218 475 474 476 
1219 1343 2203 3042 
1220 1976 1977 2914 
1221 3190 536 3294 
1222 2959 1283 2970 
1223 391 101 2226 
1224 847 3071 3382 
1225 979 1246 2194 
1226 2278 2275 2907 
1227 810 2350 3152 
1228 657 516 2726 
1229 526 666 2368 
1230 1375 1373 1550 
1231 2030 3132 3157 
1232 1917 1918 3320 
1233 1279 1542 1835 
1234 1054 1053 3407 
1235 1756 2544 3296 
1236 656 487 2934 
1237 401 114 465 
1238 477 476 478 
1239 2022 1879 2023 
1240 2544 1756 3230 
1241 1332 1333 1334 
1242 536 2260 3294 
1243 2624 3352 3426 
1244 1452 1377 2058 
1245 1940 2177 3363 
1246 2969 2373 2973 
1247 736 738 1448 
1248 1835 1996 3407 
1249 1024 1021 2896 
1250 1066 1035 2283 
1251 2066 378 3253 
1252 879 871 2112 
1253 869 867 912 
1254 344 2220 3095 
1255 1360 1359 1361 
1256 2999 1744 3058 
1257 2982 2168 3105 
1258 1443 1042 2858 
1259 1329 1331 1332 
1260 288 2098 2101 
1261 1644 1629 2816 
1262 126 390 2207 
1263 3012 2568 3161 
1264 844 2039 2044 
1265 2103 380 2104 
1266 2902 455 3222 
1267 289 389 2098 
1268 2017 1557 2173 
1269 487 830 2934 
1270 2207 390 2208 
1271 2251 2252 3368 
1272 1766 2125 2200 
1273 846 845 847 
1274 853 1100 2785 
1275 1241 1240 2163 
1276 2955 1461 3027 
1277 2153 1640 3164 
1278 530 532 2861 
1279 2207 2208 2209 
1280 2530 2532 3385 
1281 2143 291 2144 
1282 1180 2969 2973 
1283 656 2119 3022 
1284 2010 378 3392 
1285 705 833 2018 
1286 2114 982 3241 
1287 383 2147 2148 
1288 1475 1474 1477 
1289 1467 1466 1468 
1290 377 2329 2330 
1291 107 382 2102 
1292 279 380 2103 
1293 1630 1628 2169 
1294 2230 2231 2947 
1295 2291 2349 2350 
1296 2067 1740 2217 
1297 1473 1472 1474 
1298 382 108 2089 
1299 2746 3118 3159 
1300 1959 822 1964 
1301 2043 2265 3447 
1302 668 1945 2137 
1303 727 753 2122 
1304 2196 873 3077 
1305 389 290 2143 
1306 412 2102 3033 
1307 2281 2400 2837 
1308 2115 2116 2119 
1309 2169 1628 2171 
1310 2115 1639 2116 
1311 668 669 1945 
1312 2259 1066 2283 
1313 377 2330 2331 
1314 1358 1065 1996 
1315 636 531 2282 
1316 1892 2148 2975 
1317 2083 372 2084 
1318 2154 2155 3094 
1319 2366 2365 2369 
1320 684 2372 2861 
1321 2186 361 3175 
1322 2018 2236 2237 
1323 1634 1632 2165 
1324 702 704 705 
1325 1323 1322 1324 
1326 896 1264 2695 
1327 1879 1791 2105 
1328 3058 1744 3074 
1329 1995 348 3332 
1330 381 2152 2153 
1331 380 280 2145 
1332 1800 2897 2898 
1333 2478 3020 3158 
1334 1707 2115 2239 
1335 989 887 2908 
1336 713 714 715 
1337 2276 636 2282 
1338 1886 2577 2760 
1339 1849 1472 3435 
1340 838 1274 2187 
1341 535 533 2280 
1342 370 3065 3150 
1343 524 2368 2781 
1344 2012 709 2013 
1345 1297 2747 2847 
1346 1249 1731 2079 
1347 287 288 2101 
1348 400 2101 3123 
1349 697 696 698 
1350 1043 1037 2728 
1351 291 292 2144 
1352 411 3168 3359 
1353 1776 1889 2186 
1354 1637 1639 2115 
1355 3258 2161 3262 
1356 3200 3034 3260 
1357 2192 2191 3098 
1358 878 875 2745 
1359 2254 1969 2747 
1360 113 114 401 
1361 286 287 400 
1362 110 111 388 
1363 115 116 410 
1364 289 290 389 
1365 284 285 411 
1366 117 118 387 
1367 282 283 386 
1368 534 537 2637 
1369 2863 2864 3176 
1370 1453 1327 2037 
1371 2166 2168 2982 
1372 107 108 382 
1373 279 280 380 
1374 380 2145 2175 
1375 292 293 383 
1376 120 121 381 
1377 1972 2871 3179 
1378 2578 344 3095 
1379 1740 1741 2217 
1380 2172 2234 3303 
1381 128 414 2965 
1382 2212 367 2213 
1383 908 2194 2197 
1384 710 712 713 
1385 2149 2151 3248 
1386 519 660 2887 
1387 1249 1245 1731 
1388 1080 1689 2858 
1389 2576 2854 3406 
1390 1326 1324 1327 
1391 477 480 2176 
1392 2436 1573 3316 
1393 297 416 2177 
1394 2280 2281 2837 
1395 2358 1767 2931 
1396 2061 2899 3141 
1397 383 293 2147 
1398 1264 894 2238 
1399 2091 731 3338 
1400 2003 2004 2005 
1401 647 2278 2907 
1402 2061 2060 2899 
1403 891 986 987 
1404 2283 1234 3160 
1405 1744 1277 3074 
1406 1334 1399 1400 
1407 2781 2368 2930 
1408 2065 2063 3000 
1409 1199 2214 2215 
1410 2913 2024 3388 
1411 2048 2049 2878 
1412 1430 1432 2131 
1413 2324 2326 2329 
1414 410 116 2121 
1415 2523 1754 2783 
1416 1771 2035 2956 
1417 2971 2138 3015 
1418 1519 1933 2203 
1419 381 121 2152 
1420 1012 1255 2868 
1421 2329 377 2344 
1422 2150 334 2151 
1423 2145 281 2146 
1424 2863 3176 3255 
1425 880 879 881 
1426 1021 1020 2896 
1427 473 475 2188 
1428 1707 1637 2115 
1429 404 2389 2733 
1430 531 529 2282 
1431 2862 2106 3133 
1432 1002 832 2776 
1433 1866 1284 2864 
1434 493 2005 3411 
1435 2074 1525 3232 
1436 1857 1856 2184 
1437 2068 1857 2184 
1438 715 716 717 
1439 2131 1898 2251 
1440 2173 1557 2174 
1441 2108 1931 3179 
1442 1638 1637 1707 
1443 1062 1065 1252 
1444 281 282 2146 
1445 1432 1897 1898 
1446 2096 2095 2097 
1447 906 3080 3101 
1448 2350 2349 2351 
1449 105 412 2129 
1450 277 413 2130 
1451 1708 1707 1790 
1452 2318 2035 3282 
1453 848 847 849 
1454 1689 1706 2732 
1455 1635 1634 1637 
1456 721 723 821 
1457 1223 1220 2348 
1458 2223 332 2224 
1459 674 676 677 
1460 2870 2043 3447 
1461 2194 2196 2197 
1462 2127 2573 3425 
1463 699 698 700 
1464 103 332 2223 
1465 1755 2489 3010 
1466 2556 1732 3076 
1467 965 1549 2214 
1468 1775 1776 2985 
1469 876 871 879 
1470 2305 408 3271 
1471 1957 1956 2133 
1472 1256 1249 1257 
1473 2152 122 2154 
1474 1800 2898 3067 
1475 3078 387 3180 
1476 1132 1130 2500 
1477 2369 530 2861 
1478 894 892 2238 
1479 2291 2348 2349 
1480 122 123 2154 
1481 2326 2328 2329 
1482 1977 1980 3057 
1483 871 869 2112 
1484 1530 1528 1531 
1485 1838 1391 2285 
1486 1607 2900 2912 
1487 1471 1469 1472 
1488 842 843 844 
1489 2271 368 3142 
1490 731 2091 3166 
1491 1953 3328 3441 
1492 636 2276 2279 
1493 1239 1240 1241 
1494 987 1053 1054 
1495 364 2783 3167 
1496 1248 1245 1249 
1497 2041 2042 3335 
1498 2006 3082 3264 
1499 105 106 412 
1500 277 278 413 
1501 2349 1219 2868 
1502 2899 2060 3426 
1503 1448 738 1882 
1504 2998 2546 3046 
1505 2410 2409 2888 
1506 2366 2369 2861 
1507 2559 3144 3224 
1508 658 510 659 
1509 2299 407 3119 
1510 1362 1361 1363 
1511 295 334 2150 
1512 1880 1879 2022 
1513 2163 2160 2164 
1514 2234 3051 3303 
1515 2256 1043 2728 
1516 332 2129 3037 
1517 1637 1634 1639 
1518 2081 2080 2198 
1519 1545 1531 1946 
1520 671 673 674 
1521 660 2126 2887 
1522 1253 1359 1360 
1523 1776 1777 1889 
1524 2214 1549 2215 
1525 101 102 2226 
1526 1703 2264 2788 
1527 1526 1478 1527 
1528 275 331 2140 
1529 2230 1709 2231 
1530 1633 1632 1634 
1531 409 3283 3362 
1532 1405 1978 1979 
1533 2052 2233 2798 
1534 900 907 2767 
1535 1243 1241 1404 
1536 1427 1075 1844 
1537 1994 1849 2902 
1538 2841 2957 3346 
1539 1534 1436 1535 
1540 1468 1956 1957 
1541 2144 383 3109 
1542 882 881 884 
1543 1037 1066 2728 
1544 1239 1060 1240 
1545 717 718 719 
1546 1245 1243 2246 
1547 1835 1965 2750 
1548 2578 3095 3189 
1549 182 183 2331 
1550 1647 2052 2798 
1551 114 115 465 
1552 908 979 2194 
1553 2015 1400 3289 
1554 1463 1464 1465 
1555 2313 2264 3239 
1556 2328 1292 2674 
1557 1391 950 2857 
1558 2372 2366 2861 
1559 837 839 1458 
1560 2190 1767 2358 
1561 1840 1842 2996 
1562 1374 1373 1375 
1563 1275 1235 2312 
1564 850 849 851 
1565 666 2367 2368 
1566 1244 1243 1245 
1567 2117 2166 2982 
1568 2157 2159 2160 
1569 2205 2215 2216 
1570 533 636 2280 
1571 334 296 2177 
1572 967 965 2214 
1573 666 528 2369 
1574 1881 2222 2232 
1575 1979 1978 2128 
1576 1536 1535 1537 
1577 1969 1701 2747 
1578 2023 1879 2105 
1579 528 530 2369 
1580 3062 2124 3331 
1581 1220 1219 2348 
1582 1258 1257 1259 
1583 295 296 334 
1584 123 124 333 
1585 1558 1537 1559 
1586 2367 2370 2930 
1587 1889 1890 1891 
1588 852 851 853 
1589 1993 2941 3219 
1590 2986 2143 3053 
1591 288 289 2098 
1592 2222 1556 2232 
1593 1238 1060 1239 
1594 2160 2159 2161 
1595 1099 851 3063 
1596 1973 1975 3209 
1597 2909 2908 3059 
1598 2027 1710 2123 
1599 973 2248 2332 
1600 2546 1711 3046 
1601 333 2206 2268 
1602 1081 1043 2256 
1603 684 534 2637 
1604 979 1064 1246 
1605 2004 2077 3378 
1606 2041 3335 3343 
1607 1242 1241 1243 
1608 1059 1045 1060 
1609 1769 2093 2189 
1610 885 884 886 
1611 106 107 2102 
1612 278 279 2103 
1613 333 124 2206 
1614 2249 825 2332 
1615 2148 2147 2149 
1616 537 945 2637 
1617 108 109 2089 
1618 2306 1576 2766 
1619 1275 2312 2313 
1620 103 104 332 
1621 275 276 331 
1622 2899 716 3141 
1623 1298 1853 2250 
1624 2248 2249 2332 
1625 2248 973 2284 
1626 480 481 484 
1627 1991 2959 2970 
1628 1853 2247 2250 
1629 2206 2207 2209 
1630 2854 2576 3218 
1631 290 291 2143 
1632 707 706 708 
1633 1838 2285 2906 
1634 464 2990 3431 
1635 1631 1630 1632 
1636 2238 892 2745 
1637 416 298 2253 
1638 803 804 2245 
1639 2350 2351 2352 
1640 1798 1402 1800 
1641 2052 971 3438 
1642 709 708 710 
1643 2307 409 3362 
1644 1800 2896 2897 
1645 1456 1904 2071 
1646 1703 2263 2264 
1647 1878 1791 1879 
1648 1044 995 1045 
1649 1458 839 2191 
1650 116 117 2121 
1651 1788 1872 1873 
1652 1646 2977 3377 
1653 705 704 706 
1654 1893 3004 3053 
1655 2534 1739 2919 
1656 2157 2160 2163 
1657 1006 1008 2674 
1658 862 861 863 
1659 697 822 1959 
1660 2206 125 2207 
1661 687 688 689 
1662 1790 1707 2239 
1663 727 729 753 
1664 280 281 2145 
1665 736 1448 3338 
1666 125 126 2207 
1667 1045 995 2928 
1668 1560 1559 1561 
1669 841 845 846 
1670 1060 1045 2156 
1671 1029 1778 2936 
1672 2124 2123 3331 
1673 2284 973 2376 
1674 806 812 2257 
1675 3080 1820 3101 
1676 532 684 2861 
1677 1275 2067 3360 
1678 2551 1912 3296 
1679 995 970 1199 
1680 760 757 2659 
1681 651 542 2399 
1682 1240 2157 2163 
1683 1376 1375 1377 
1684 701 700 702 
1685 1632 1630 1636 
1686 2136 1180 2955 
1687 1130 1293 2500 
1688 1250 1132 2500 
1689 2348 1219 2349 
1690 2760 2577 3406 
1691 1854 2100 2757 
1692 352 2185 2732 
1693 2285 1391 2857 
1694 807 2242 2244 
1695 1629 1628 1630 
1696 2356 651 2399 
1697 1569 2658 2691 
1698 1635 1637 1638 
1699 2232 1556 2284 
1700 873 2196 3349 
1701 1638 1707 1708 
1702 3121 2902 3146 
1703 350 2045 3376 
1704 111 112 3214 
1705 2290 2289 2291 
1706 807 806 2257 
1707 2242 807 2257 
1708 1771 2034 2035 
1709 362 2358 2931 
1710 1633 1634 1635 
1711 2206 2209 2268 
1712 2239 656 2934 
1713 2106 482 3133 
1714 958 2179 2180 
1715 1084 1081 2256 
1716 2289 1223 2348 
1717 2245 2306 2766 
1718 1343 1519 2203 
1719 860 858 861 
1720 407 2100 3119 
1721 331 2138 2139 
1722 994 970 995 
1723 1844 2076 3366 
1724 535 2280 2837 
1725 2097 2259 2260 
1726 1519 1932 1933 
1727 183 377 2331 
1728 1969 2254 3417 
1729 953 1688 2267 
1730 2059 2082 2624 
1731 2368 2367 2930 
1732 1180 2136 2969 
1733 104 105 2129 
1734 276 277 2130 
1735 2155 1783 2993 
1736 438 2142 2185 
1737 2231 359 3183 
1738 420 182 2331 
1739 294 295 2150 
1740 286 400 3168 
1741 411 285 3168 
1742 2228 1273 3169 
1743 892 878 2745 
1744 2313 2312 2957 
1745 1573 2436 3310 
1746 126 127 390 
1747 2343 1845 3186 
1748 2914 1977 2915 
1749 1288 1002 2776 
1750 2347 651 2356 
1751 1783 2268 2816 
1752 844 904 905 
1753 856 854 857 
1754 1627 1626 1628 
1755 2172 1641 2233 
1756 2355 2400 2900 
1757 663 659 664 
1758 293 294 2147 
1759 2136 2955 3027 
1760 2264 2313 3275 
1761 2267 1688 2309 
1762 1703 1190 2263 
1763 842 840 843 
1764 976 2374 2808 
1765 2253 353 2254 
1766 2238 2745 2746 
1767 2174 454 3112 
1768 297 298 416 
1769 102 103 2223 
1770 1246 1247 2996 
1771 2258 2094 2728 
1772 1862 1730 2202 
1773 368 2271 3251 
1774 804 807 2245 
1775 1298 2250 2374 
1776 2075 814 3016 
1777 2400 2281 2900 
1778 757 756 2659 
1779 2036 2318 3282 
1780 100 101 391 
1781 825 2249 2658 
1782 1240 2156 2157 
1783 2084 372 2085 
1784 2783 1915 3167 
1785 1261 2607 2796 
1786 1098 1317 1456 
1787 2093 2094 2095 
1788 1794 2255 2447 
1789 454 2240 2938 
1790 1567 1568 2375 
1791 2489 1755 3116 
1792 2275 2282 2907 
1793 1404 2164 3099 
1794 2888 2409 3045 
1795 2255 2286 2447 
1796 2021 2260 3160 
1797 1625 1624 1626 
1798 857 854 2785 
1799 1568 2261 2375 
1800 2227 2225 2228 
1801 1636 1630 2169 
1802 2286 1155 2447 
1803 2355 2399 2400 
1804 1389 1363 1390 
1805 1378 1377 1379 
1806 2841 959 2957 
1807 1782 2505 3050 
1808 1155 2286 2288 
1809 121 122 2152 
1810 1190 1192 2263 
1811 2166 1636 2167 
1812 1155 2288 2294 
1813 2170 2172 3303 
1814 2300 2301 2342 
1815 833 2074 2236 
1816 1708 1790 1791 
1817 273 274 438 
1818 713 712 714 
1819 2097 2258 2259 
1820 2102 382 3128 
1821 2232 2284 2376 
1822 2896 1020 2897 
1823 896 894 1264 
1824 2261 1568 2361 
1825 1250 2496 3395 
1826 3288 1895 3370 
1827 102 2223 2226 
1828 2166 2167 2168 
1829 1562 1561 1563 
1830 2223 2224 2225 
1831 1623 1622 1624 
1832 1631 1632 1633 
1833 2257 812 2764 
1834 486 488 489 
1835 2118 2117 2982 
1836 725 727 2122 
1837 423 2210 2901 
1838 1620 1621 1622 
1839 296 297 2177 
1840 898 896 2695 
1841 1685 2384 2853 
1842 542 541 2399 
1843 1292 1006 2674 
1844 2695 1264 3344 
1845 2767 907 2818 
1846 733 735 736 
1847 2067 1275 3239 
1848 2900 2281 2912 
1849 1564 1563 1565 
1850 1626 1624 1641 
1851 1629 1630 1631 
1852 2097 2095 2258 
1853 1616 1611 2266 
1854 636 2279 2280 
1855 1059 1060 1238 
1856 1008 1398 2674 
1857 970 967 2214 
1858 1239 1241 1242 
1859 736 737 738 
1860 2093 1544 2094 
1861 1299 989 2908 
1862 1239 1242 2235 
1863 2255 1794 2607 
1864 905 1003 1004 
1865 807 2244 2245 
1866 1440 1225 2289 
1867 2116 2117 2118 
1868 2658 2249 2691 
1869 1022 1971 2904 
1870 1235 1441 2312 
1871 812 818 2764 
1872 2267 1864 2840 
1873 1872 2048 3182 
1874 2317 1409 2341 
1875 1225 1223 2289 
1876 1195 1740 1743 
1877 1647 1997 2052 
1878 1619 1615 1620 
1879 2135 1929 3377 
1880 1216 941 2751 
1881 1044 1045 1059 
1882 2511 2512 2852 
1883 1743 1740 2067 
1884 994 995 1044 
1885 1627 1628 1629 
1886 1769 1544 2093 
1887 1731 1245 2246 
1888 1569 1793 2658 
1889 334 2177 3083 
1890 1409 2317 2345 
1891 1440 2289 2290 
1892 299 353 2253 
1893 2981 2073 3373 
1894 865 863 3101 
1895 2157 2158 2159 
1896 1716 1567 2375 
1897 963 760 2659 
1898 595 2807 2821 
1899 2304 2305 3246 
1900 1622 1621 1647 
1901 2347 2356 2357 
1902 128 129 414 
1903 957 1703 2787 
1904 1921 1866 2863 
1905 2263 1743 2264 
1906 2172 2233 2234 
1907 3145 2080 3306 
1908 969 967 970 
1909 861 858 2921 
1910 2301 2304 2342 
1911 1238 1239 2235 
1912 418 2300 2342 
1913 1620 1615 1621 
1914 298 299 2253 
1915 2233 1641 2798 
1916 2346 2347 2357 
1917 1091 1089 2370 
1918 1543 1084 1544 
1919 1618 2346 2357 
1920 1172 1576 2846 
1921 1979 2051 3427 
1922 1617 1605 2272 
1923 1412 1391 1838 
1924 1077 1352 2607 
1925 2750 1965 3122 
1926 1620 1622 1623 
1927 1244 1245 1248 
1928 489 490 491 
1929 1089 1532 2370 
1930 2374 2250 2808 
1931 124 125 2206 
1932 1614 1613 1615 
1933 1611 1609 2266 
1934 1240 1060 2156 
1935 1248 1249 1256 
1936 98 99 415 
1937 1625 1626 1627 
1938 1621 1615 2401 
1939 803 2245 2766 
1940 1402 1024 2896 
1941 1840 1299 1842 
1942 1649 1621 2401 
1943 2347 2315 2740 
1944 1396 1571 2309 
1945 3 2874 2944 
1946 1623 1624 1625 
1947 902 900 2767 
1948 965 963 1549 
1949 1613 1616 2401 
1950 1192 1195 2263 
1951 1641 1624 2798 
1952 1452 2061 2062 
1953 2261 2361 2387 
1954 1446 1288 1541 
1955 2309 1688 2713 
1956 1384 2308 2405 
1957 1613 1611 1616 
1958 3046 1711 3055 
1959 1221 1717 2953 
1960 2296 462 2297 
1961 2363 1216 2751 
1962 1622 1647 2798 
1963 2334 2336 3017 
1964 1797 2309 2713 
1965 1797 2269 2640 
1966 190 462 2296 
1967 1543 1544 1769 
1968 2095 2094 2258 
1969 1612 1611 1613 
1970 1195 1743 2263 
1971 1605 1603 2272 
1972 2297 462 2298 
1973 463 210 2307 
1974 2318 2038 2891 
1975 1556 1554 2284 
1976 2329 2328 2330 
1977 1571 2267 2309 
1978 1599 2402 2735 
1979 2477 422 2478 
1980 2308 1855 2405 
1981 1575 1903 2322 
1982 1898 1897 2974 
1983 864 863 865 
1984 2301 461 2302 
1985 651 2347 2740 
1986 418 326 2300 
1987 639 2797 2843 
1988 1441 1229 2293 
1989 2322 1903 2733 
1990 2522 1725 3178 
1991 2863 909 3307 
1992 2364 1091 2370 
1993 640 548 2378 
1994 685 828 2387 
1995 1554 2248 2284 
1996 2059 2624 3426 
1997 1943 2138 3446 
1998 1465 1466 1467 
1999 1153 1155 2294 
2000 1668 1153 2294 
2001 351 2481 2482 
2002 1544 1084 2256 
2003 1614 1615 1619 
2004 1609 1617 2266 
2005 952 950 1391 
2006 1620 1623 2755 
2007 271 352 2480 
2008 969 970 994 
2009 1768 1261 2796 
2010 351 267 2481 
2011 2314 640 2378 
2012 1576 2306 2846 
2013 2269 1797 2713 
2014 2317 2316 2345 
2015 1575 2322 2338 
2016 2297 2298 2299 
2017 2111 1518 2316 
2018 2301 2302 2303 
2019 2683 2526 3413 
2020 2476 422 2477 
2021 1195 1263 1740 
2022 377 184 2344 
2023 1004 1096 1097 
2024 2575 2576 2577 
2025 1261 1077 2607 
2026 1352 2255 2607 
2027 2607 1794 2796 
2028 2333 418 2335 
2029 1797 1396 2309 
2030 1369 2640 2734 
2031 1022 1026 1971 
2032 2300 461 2301 
2033 838 484 1274 
2034 2084 2085 2086 
2035 2111 2316 2317 
2036 2402 2277 2735 
2037 1079 1384 2405 
2038 1609 1605 1617 
2039 1051 1350 2376 
2040 1610 1609 1611 
2041 188 417 2319 
2042 2365 2364 2367 
2043 3068 2074 3261 
2044 1242 1243 1244 
2045 2876 2343 3157 
2046 548 546 2378 
2047 1608 1605 1609 
2048 2476 2477 2479 
2049 1029 1233 1778 
2050 2927 199 2954 
2051 1618 2357 2445 
2052 1612 1613 1614 
2053 325 418 2333 
2054 828 2261 2387 
2055 1715 2199 2339 
2056 1555 2066 2337 
2057 640 2314 2385 
2058 2053 746 3120 
2059 957 1190 1703 
2060 1603 1606 2272 
2061 2339 2199 2340 
2062 645 661 2360 
2063 996 1298 2374 
2064 1518 1135 2316 
2065 1052 1409 2345 
2066 1867 1866 1921 
2067 327 461 2300 
2068 1350 2232 2376 
2069 185 2323 2344 
2070 1310 1314 2338 
2071 2291 2289 2348 
2072 2392 2395 2397 
2073 1793 2257 2764 
2074 984 1052 2345 
2075 2361 1568 2666 
2076 836 973 2332 
2077 190 191 462 
2078 376 2488 2489 
2079 327 328 461 
2080 1603 1601 1606 
2081 1604 1603 1605 
2082 2273 2275 2278 
2083 2094 1544 2256 
2084 209 210 463 
2085 1808 2362 2714 
2086 417 189 2296 
2087 1199 970 2214 
2088 2359 2361 2666 
2089 2658 1793 2764 
2090 1647 1649 1997 
2091 2397 2395 2398 
2092 2362 1168 2714 
2093 2382 2390 2391 
2094 2272 1606 2273 
2095 2335 418 2342 
2096 2389 404 3086 
2097 1524 1093 2364 
2098 1309 1310 2338 
2099 1455 1555 2337 
2100 2640 2269 2734 
2101 440 2546 2998 
2102 2346 1618 2412 
2103 267 268 2481 
2104 552 550 2386 
2105 1337 1789 2388 
2106 425 2520 2521 
2107 1353 2418 2770 
2108 211 409 2307 
2109 661 685 2387 
2110 827 2033 2932 
2111 1757 1518 2110 
2112 1668 2294 2295 
2113 1524 2364 2365 
2114 135 375 2487 
2115 2360 661 2387 
2116 1093 1091 2364 
2117 633 2398 2403 
2118 185 186 2323 
2119 270 271 2480 
2120 2388 1789 2389 
2121 2575 446 2576 
2122 1339 1715 2339 
2123 605 2810 2827 
2124 217 218 2390 
2125 491 492 493 
2126 952 1391 1412 
2127 2367 2364 2370 
2128 184 185 2344 
2129 1801 2411 2679 
2130 2470 2812 2832 
2131 73 74 460 
2132 1602 1601 1603 
2133 1571 1863 1864 
2134 1319 1135 1518 
2135 2099 419 3353 
2136 1409 2339 2341 
2137 2361 2360 2387 
2138 393 2319 2320 
2139 1589 1618 2445 
2140 218 339 2390 
2141 2334 2335 2336 
2142 2245 2244 2306 
2143 633 2397 2398 
2144 1336 1309 2338 
2145 2110 1518 2111 
2146 818 825 2764 
2147 2429 631 2432 
2148 1384 1888 2308 
2149 1051 1349 1350 
2150 385 2379 2380 
2151 972 1051 2376 
2152 1314 1575 2338 
2153 1881 1727 1928 
2154 1853 1341 1854 
2155 1847 1210 2777 
2156 1623 1646 2755 
2157 778 776 2696 
2158 392 2333 2334 
2159 2334 2333 2335 
2160 364 306 2524 
2161 1685 2383 2384 
2162 1350 1349 1727 
2163 362 154 2358 
2164 154 155 2358 
2165 1850 766 2805 
2166 188 189 417 
2167 336 2575 2577 
2168 393 187 2319 
2169 2773 1819 2774 
2170 1114 2667 2704 
2171 1298 1341 1853 
2172 1600 1599 1601 
2173 1298 1078 1341 
2174 996 1078 1298 
2175 385 215 2379 
2176 1227 1225 1440 
2177 1597 1607 2402 
2178 874 2197 3024 
2179 2384 2749 2853 
2180 1135 1018 2316 
2181 325 326 418 
2182 189 190 2296 
2183 1396 1397 1571 
2184 1350 1727 1881 
2185 1228 1230 2809 
2186 1192 1194 1195 
2187 1685 1356 2383 
2188 567 683 2416 
2189 2323 2324 2344 
2190 1615 1613 2401 
2191 2484 2483 2485 
2192 1549 963 2659 
2193 890 886 891 
2194 1952 1652 2388 
2195 1259 1373 1374 
2196 2280 2279 2281 
2197 210 211 2307 
2198 1307 1308 1309 
2199 1235 1229 1441 
2200 1818 1387 2371 
2201 683 2377 2416 
2202 1394 1395 1396 
2203 2442 2765 2806 
2204 480 478 481 
2205 828 960 976 
2206 984 922 1052 
2207 1818 2371 2372 
2208 1598 1597 1599 
2209 1409 1339 2339 
2210 960 996 2374 
2211 1908 1752 2178 
2212 1571 1864 2267 
2213 392 324 2333 
2214 1311 1309 1336 
2215 1337 1336 1789 
2216 1018 984 2345 
2217 920 919 922 
2218 421 2483 2484 
2219 1715 1821 2199 
2220 2304 2303 2305 
2221 1903 1902 2010 
2222 2316 1018 2345 
2223 685 826 828 
2224 1618 1587 2412 
2225 1205 2773 2774 
2226 1305 1306 1307 
2227 550 640 2386 
2228 1597 1595 1607 
2229 2673 608 2731 
2230 3297 1661 3380 
2231 425 2519 2520 
2232 1301 1302 1303 
2233 299 300 353 
2234 628 2392 2397 
2235 211 212 409 
2236 920 922 984 
2237 75 76 406 
2238 2411 679 2679 
2239 1652 1337 2388 
2240 1854 1855 2100 
2241 975 3124 3197 
2242 648 645 2360 
2243 1575 1454 1902 
2244 1052 1339 1409 
2245 828 826 960 
2246 824 836 2332 
2247 1555 1899 2066 
2248 1305 1303 1306 
2249 943 941 1216 
2250 2403 2398 2404 
2251 134 135 2487 
2252 2322 1336 2338 
2253 2573 2572 2574 
2254 622 620 2415 
2255 1307 1306 1308 
2256 1309 1308 1310 
2257 635 634 645 
2258 2399 541 2400 
2259 631 630 632 
2260 1085 1084 1543 
2261 836 972 973 
2262 635 645 648 
2263 2746 3036 3118 
2264 2390 339 2391 
2265 565 567 2416 
2266 818 824 825 
2267 2076 1844 3402 
2268 448 2569 2570 
2269 1052 1338 1339 
2270 632 634 635 
2271 1339 1567 1715 
2272 2542 2543 2544 
2273 1576 2362 2766 
2274 976 960 2374 
2275 1314 1315 1454 
2276 326 327 2300 
2277 1396 1395 1397 
2278 1715 1716 1821 
2279 918 916 919 
2280 620 654 2415 
2281 186 187 393 
2282 1821 1822 1834 
2283 1310 1313 1314 
2284 2377 683 2419 
2285 2543 338 2544 
2286 1555 1556 1899 
2287 1593 1594 1595 
2288 1823 2768 2793 
2289 1571 1397 1863 
2290 1610 1611 1612 
2291 629 628 630 
2292 834 1814 2446 
2293 918 919 920 
2294 1301 1174 1302 
2295 1319 1518 1757 
2296 1789 1336 2322 
2297 916 648 2359 
2298 2270 1768 2796 
2299 962 760 963 
2300 1868 1652 1952 
2301 1051 1198 1349 
2302 1454 1455 2337 
2303 1575 1902 1903 
2304 2315 2378 2740 
2305 1596 1595 1597 
2306 569 571 2420 
2307 1314 1454 1575 
2308 1394 1396 1797 
2309 2103 2104 3278 
2310 1311 1336 1337 
2311 269 422 2476 
2312 268 269 2476 
2313 2375 976 2808 
2314 187 188 2319 
2315 1307 1309 1311 
2316 1548 1858 2383 
2317 1304 1303 1305 
2318 1356 1548 2383 
2319 1455 1554 1555 
2320 973 972 2376 
2321 2359 2360 2361 
2322 2084 2086 2088 
2323 2418 2762 2770 
2324 2086 2085 2087 
2325 2226 2225 2227 
2326 324 325 2333 
2327 2262 1765 2782 
2328 2359 648 2360 
2329 2261 976 2375 
2330 2431 1664 2656 
2331 306 307 2524 
2332 315 338 2543 
2333 825 824 2332 
2334 632 633 634 
2335 1599 1597 2402 
2336 996 997 1078 
2337 335 2572 2573 
2338 214 215 385 
2339 972 993 1051 
2340 1593 1591 1594 
2341 1089 1087 1532 
2342 552 2386 2667 
2343 2428 631 2429 
2344 78 79 384 
2345 2273 2274 2275 
2346 1172 1170 1576 
2347 2379 442 2381 
2348 1902 1454 2337 
2349 323 324 392 
2350 645 649 661 
2351 1590 1589 1591 
2352 1354 1685 2418 
2353 1548 1857 1858 
2354 944 2713 2716 
2355 2558 2557 2559 
2356 661 662 685 
2357 1370 1393 1394 
2358 2667 2386 2704 
2359 1868 1952 1981 
2360 350 2560 2561 
2361 442 217 2390 
2362 1394 1393 1395 
2363 2314 1581 2385 
2364 2324 2321 2325 
2365 2439 1664 2646 
2366 375 2557 2558 
2367 1170 1168 2362 
2368 1604 1605 1608 
2369 393 2320 2321 
2370 1592 1591 1593 
2371 627 626 628 
2372 1394 1797 2640 
2373 919 916 2359 
2374 216 442 2379 
2375 2413 622 2415 
2376 1608 1609 1610 
2377 1589 1587 1618 
2378 629 630 631 
2379 2354 1594 2445 
2380 1314 1313 1315 
2381 2572 447 2574 
2382 627 628 629 
2383 1454 1315 1455 
2384 493 494 495 
2385 921 2437 2438 
2386 2381 442 2382 
2387 1353 1354 2418 
2388 1052 922 1338 
2389 2420 2431 2656 
2390 2275 2276 2282 
2391 1268 1269 1353 
2392 960 961 996 
2393 1581 1579 2385 
2394 1095 1093 1524 
2395 803 802 804 
2396 1576 1170 2362 
2397 302 303 395 
2398 2926 2750 3122 
2399 2420 571 2431 
2400 2541 2540 2542 
2401 2392 2393 2395 
2402 1650 2314 2315 
2403 715 714 716 
2404 937 954 2422 
2405 1588 1587 1589 
2406 1339 1338 1567 
2407 133 134 2483 
2408 421 133 2483 
2409 1591 1589 2445 
2410 1354 1356 1685 
2411 624 622 2413 
2412 2380 2379 2381 
2413 2346 2315 2347 
2414 2339 2340 2341 
2415 1754 2523 3217 
2416 1858 1857 1859 
2417 685 693 826 
2418 2326 2325 2327 
2419 1854 1341 1855 
2420 683 569 2420 
2421 632 630 633 
2422 1899 1556 2222 
2423 186 393 2323 
2424 2555 341 2556 
2425 396 2540 2541 
2426 183 184 377 
2427 954 1056 2422 
2428 628 626 2392 
2429 828 976 2261 
2430 541 538 2837 
2431 797 796 798 
2432 2357 2354 2445 
2433 2713 1688 2716 
2434 1715 1567 1716 
2435 1307 1311 2668 
2436 915 648 916 
2437 1555 1554 1556 
2438 2268 2209 2816 
2439 2353 2354 2355 
2440 2315 2314 2378 
2441 1598 1599 1600 
2442 1663 2711 2739 
2443 314 315 2543 
2444 1602 1603 1604 
2445 2424 2425 2426 
2446 640 2385 2386 
2447 812 816 818 
2448 1650 1581 2314 
2449 1300 1174 1301 
2450 1587 1584 2412 
2451 215 216 2379 
2452 1816 1387 1818 
2453 1582 1581 1650 
2454 629 631 2428 
2455 2424 420 2425 
2456 1056 1368 1369 
2457 1079 1383 1384 
2458 917 916 918 
2459 1353 1269 1354 
2460 1056 1369 2422 
2461 1650 2346 2412 
2462 1310 1312 1313 
2463 1551 2127 2626 
2464 1595 1594 2353 
2465 836 910 972 
2466 824 829 836 
2467 216 217 442 
2468 818 820 824 
2469 80 81 423 
2470 1698 1209 2423 
2471 321 322 419 
2472 1821 1716 1822 
2473 1834 1822 2247 
2474 181 420 2424 
2475 2392 644 2393 
2476 1209 1188 2423 
2477 806 811 812 
2478 1593 1595 1596 
2479 1664 2431 2646 
2480 985 984 1018 
2481 1206 1267 1268 
2482 2434 1802 2618 
2483 1650 2315 2346 
2484 1580 1579 1581 
2485 1350 1881 2232 
2486 2701 2605 2730 
2487 1203 1205 2769 
2488 2355 2356 2399 
2489 2416 1801 2679 
2490 1078 1079 2405 
2491 2433 1802 2434 
2492 2557 434 2559 
2493 1818 2372 2373 
2494 29 2915 3212 
2495 626 644 2392 
2496 1203 1204 1205 
2497 645 634 649 
2498 1593 1596 2406 
2499 625 624 626 
2500 2807 2457 2821 
2501 804 805 806 
2502 2377 2419 2468 
2503 1670 1807 2652 
2504 1588 1589 1590 
2505 181 182 420 
2506 801 800 802 
2507 2440 925 2600 
2508 907 898 2695 
2509 2433 926 2610 
2510 2389 1789 2733 
2511 2441 2440 2600 
2512 1586 1584 1587 
2513 2088 2086 2218 
2514 1582 1650 2412 
2515 1369 1368 1370 
2516 1809 1124 2629 
2517 2353 1594 2354 
2518 1596 1597 1598 
2519 2419 1653 2468 
2520 366 2424 2426 
2521 1671 2474 2647 
2522 625 626 627 
2523 2441 682 2454 
2524 1590 1591 1592 
2525 1173 1172 1174 
2526 1268 1267 1269 
2527 396 313 2540 
2528 313 314 2540 
2529 3065 1836 3150 
2530 919 2359 2666 
2531 1171 1170 1172 
2532 2549 349 2550 
2533 804 802 805 
2534 1118 1116 1579 
2535 1802 2433 2610 
2536 1301 1303 1304 
2537 1338 922 2666 
2538 365 2565 2566 
2539 1369 1370 2640 
2540 1169 1168 1170 
2541 692 2442 2639 
2542 1058 1202 1203 
2543 2324 2325 2326 
2544 798 799 800 
2545 679 2411 2724 
2546 1600 1601 1602 
2547 682 2441 2600 
2548 1592 1593 2406 
2549 437 2435 2436 
2550 2419 683 2420 
2551 2460 2822 2823 
2552 2462 2825 2826 
2553 798 796 799 
2554 1482 2792 2803 
2555 623 622 624 
2556 1083 1081 1084 
2557 1580 1581 1582 
2558 1345 1209 1698 
2559 626 624 644 
2560 2512 2514 2515 
2561 631 632 2432 
2562 2510 435 2511 
2563 366 180 2424 
2564 180 181 2424 
2565 834 1005 1814 
2566 661 649 662 
2567 623 624 625 
2568 2395 2794 2795 
2569 2441 2454 2459 
2570 2301 2303 2304 
2571 1157 1161 2442 
2572 1586 1587 1588 
2573 260 261 2545 
2574 440 260 2545 
2575 948 773 2779 
2576 1205 1204 1206 
2577 437 178 2435 
2578 1662 1659 1663 
2579 1332 1331 1333 
2580 2834 1496 2836 
2581 900 898 907 
2582 1801 1663 2411 
2583 1594 1591 2445 
2584 2514 340 2515 
2585 804 806 807 
2586 1166 1811 2421 
2587 1384 1887 1888 
2588 630 628 2397 
2589 1291 1124 1809 
2590 1607 1595 2353 
2591 1657 1658 1659 
2592 1118 1579 1580 
2593 802 800 2421 
2594 1657 1659 1662 
2595 220 2510 2513 
2596 644 624 2413 
2597 1421 1664 2439 
2598 1119 1121 2448 
2599 1657 1662 2468 
2600 374 2527 2528 
2601 444 2563 2564 
2602 1662 1663 1801 
2603 1662 2377 2468 
2604 1340 2433 2434 
2605 621 620 622 
2606 2454 2452 2459 
2607 2463 2620 2631 
2608 366 2426 2427 
2609 223 340 2514 
2610 2453 2454 2601 
2611 221 435 2510 
2612 220 221 2510 
2613 1282 1038 2438 
2614 618 621 2443 
2615 1340 928 2433 
2616 930 928 1340 
2617 928 926 2433 
2618 1419 1421 2439 
2619 1659 1658 1660 
2620 1212 1847 2670 
2621 178 179 2435 
2622 618 619 620 
2623 2553 347 2554 
2624 1654 1656 1657 
2625 2689 2434 2700 
2626 1232 1794 2447 
2627 1121 1164 2448 
2628 1212 1210 1847 
2629 1115 1114 1116 
2630 2454 682 2601 
2631 2648 2580 2649 
2632 652 557 1114 
2633 2511 435 2512 
2634 617 618 2443 
2635 617 616 618 
2636 2515 340 2516 
2637 1660 1870 2717 
2638 926 573 2610 
2639 930 1340 1810 
2640 621 622 623 
2641 618 620 621 
2642 635 648 915 
2643 2440 2439 2646 
2644 2448 1680 2449 
2645 2516 2517 2518 
2646 1421 1423 1664 
2647 1421 1422 1423 
2648 1161 1217 1823 
2649 1665 1419 2439 
2650 1310 1308 1312 
2651 1700 1486 2613 
2652 246 397 2509 
2653 431 2567 2568 
2654 1423 1424 1653 
2655 1154 1232 2447 
2656 1665 2439 2440 
2657 617 2444 2450 
2658 1417 1419 1665 
2659 222 223 2514 
2660 1417 1665 2459 
2661 2517 445 2518 
2662 692 1157 2442 
2663 219 220 2513 
2664 339 219 2513 
2665 2627 1809 2629 
2666 2452 1415 2459 
2667 1419 1420 1421 
2668 615 614 616 
2669 1164 1167 1680 
2670 1157 1159 1161 
2671 2429 2432 2720 
2672 1657 1656 1658 
2673 1153 1152 1154 
2674 1417 1418 1419 
2675 1232 1572 1794 
2676 2377 1801 2416 
2677 225 445 2517 
2678 1665 2441 2459 
2679 1215 1415 2452 
2680 615 616 617 
2681 1415 1416 1417 
2682 1155 1154 2447 
2683 618 616 619 
2684 924 2453 2601 
2685 1164 1680 2448 
2686 2295 2673 2731 
2687 924 1103 2453 
2688 615 617 2450 
2689 1672 1110 2463 
2690 646 573 926 
2691 620 619 654 
2692 245 246 2509 
2693 1401 1951 2617 
2694 1153 1154 1155 
2695 614 612 2455 
2696 1653 1654 2468 
2697 931 933 2464 
2698 2435 2427 2436 
2699 617 2443 2444 
2700 1107 2452 2453 
2701 2505 345 2506 
2702 1154 1231 1232 
2703 1421 1420 1422 
2704 1151 1150 1152 
2705 614 2455 2596 
2706 2453 2452 2454 
2707 443 2501 2502 
2708 1423 1422 1424 
2709 1151 1152 1153 
2710 2448 2449 2632 
2711 1103 1107 2453 
2712 1827 1351 1829 
2713 2506 2507 2508 
2714 927 926 928 
2715 1107 1215 2452 
2716 1653 1424 1654 
2717 2443 621 2589 
2718 371 2497 2498 
2719 1215 1414 1415 
2720 244 245 2507 
2721 224 225 2517 
2722 247 248 2552 
2723 397 247 2552 
2724 613 614 615 
2725 161 162 2501 
2726 2530 2529 2532 
2727 249 347 2553 
2728 1101 619 2596 
2729 613 612 614 
2730 1729 1218 2706 
2731 1654 1657 2468 
2732 2393 2394 2396 
2733 1419 1418 1420 
2734 2464 1672 2465 
2735 1516 1577 2456 
2736 2504 345 2505 
2737 612 639 2455 
2738 2498 2497 2499 
2739 1232 1533 1572 
2740 1154 1152 1231 
2741 2552 248 2553 
2742 795 794 796 
2743 1415 1417 2459 
2744 2497 2496 2499 
2745 619 616 2596 
2746 933 1108 2464 
2747 443 161 2501 
2748 960 826 961 
2749 1417 1416 1418 
2750 371 2492 2497 
2751 2529 424 2532 
2752 1674 1131 2469 
2753 929 930 2605 
2754 1110 1112 2463 
2755 1415 1414 1416 
2756 2490 342 2491 
2757 1516 1517 1577 
2758 1151 1668 2458 
2759 1671 2473 2474 
2760 1671 1136 2473 
2761 1112 1669 2463 
2762 1508 2461 2462 
2763 781 778 2696 
2764 2584 1667 2588 
2765 369 2529 2530 
2766 1508 1509 2461 
2767 1694 1516 2456 
2768 2493 2495 2496 
2769 2507 245 2509 
2770 1514 1694 2460 
2771 1108 1110 1672 
2772 1577 1517 1704 
2773 2506 345 2507 
2774 1694 2456 2457 
2775 2493 2494 2495 
2776 1108 1672 2464 
2777 1669 1673 1806 
2778 1112 1125 1669 
2779 1304 1305 1316 
2780 2501 2498 2502 
2781 369 2530 2531 
2782 429 2533 2534 
2783 1676 1149 2458 
2784 1514 1516 1694 
2785 1149 1151 2458 
2786 1696 1506 2466 
2787 1512 1514 2460 
2788 1514 1515 1516 
2789 1696 2466 2467 
2790 2492 426 2493 
2791 1512 1513 1514 
2792 2493 426 2494 
2793 429 169 2533 
2794 2536 439 2537 
2795 1131 1133 2469 
2796 162 371 2501 
2797 1516 1515 1517 
2798 1572 1919 2270 
2799 1509 1512 2461 
2800 2537 439 2538 
2801 1506 1508 2466 
2802 1142 2584 2588 
2803 681 629 2428 
2804 1713 1983 2603 
2805 166 370 2503 
2806 1133 1671 2469 
2807 611 2470 2475 
2808 1136 1138 2473 
2809 611 613 2470 
2810 2492 2493 2497 
2811 231 343 2539 
2812 1151 1153 1668 
2813 1140 1670 2472 
2814 1133 1136 1671 
2815 2534 2531 2535 
2816 1129 1131 1674 
2817 248 249 2553 
2818 169 170 2533 
2819 1231 1152 2597 
2820 1509 1511 1512 
2821 1676 2648 2649 
2822 1129 1674 2594 
2823 165 166 2503 
2824 371 2498 2501 
2825 1514 1513 1515 
2826 1138 2472 2473 
2827 1176 1178 1180 
2828 230 231 2539 
2829 1512 2460 2461 
2830 1508 2462 2466 
2831 345 244 2507 
2832 1670 1675 1807 
2833 680 609 2475 
2834 1138 1140 2472 
2835 1140 1143 1670 
2836 609 611 2475 
2837 1147 1676 2582 
2838 1512 1511 1513 
2839 1147 1149 1676 
2840 2493 2496 2497 
2841 1103 1105 1107 
2842 2533 2531 2534 
2843 1506 1507 1508 
2844 690 2450 2451 
2845 376 131 2488 
2846 269 270 422 
2847 132 133 421 
2848 131 132 2488 
2849 132 421 2488 
2850 85 86 394 
2851 343 232 2562 
2852 239 346 2526 
2853 232 233 2562 
2854 238 239 2526 
2855 227 342 2490 
2856 369 171 2529 
2857 371 163 2492 
2858 130 131 376 
2859 226 227 2490 
2860 253 348 2563 
2861 309 363 2519 
2862 163 164 2492 
2863 243 345 2504 
2864 152 153 2567 
2865 252 253 2563 
2866 431 152 2567 
2867 374 145 2527 
2868 144 374 2525 
2869 342 228 2536 
2870 425 308 2519 
2871 307 308 425 
2872 257 349 2549 
2873 309 310 363 
2874 164 426 2492 
2875 242 243 2504 
2876 427 238 2526 
2877 229 439 2536 
2878 350 263 2560 
2879 370 167 2547 
2880 305 306 364 
2881 145 146 2527 
2882 308 309 2519 
2883 141 142 2565 
2884 146 432 2527 
2885 228 229 2536 
2886 445 226 2490 
2887 164 165 426 
2888 158 159 372 
2889 179 180 366 
2890 312 313 396 
2891 428 143 2525 
2892 170 171 369 
2893 144 145 374 
2894 148 149 373 
2895 348 254 2548 
2896 142 428 2565 
2897 143 144 2525 
2898 153 362 2567 
2899 365 141 2565 
2900 167 168 2547 
2901 156 157 430 
2902 166 167 370 
2903 246 247 397 
2904 254 255 2548 
2905 218 219 339 
2906 229 230 439 
2907 231 232 343 
2908 82 83 367 
2909 221 222 435 
2910 225 226 445 
2911 251 252 444 
2912 255 256 436 
2913 264 265 448 
2914 162 163 371 
2915 135 136 375 
2916 137 138 434 
2917 140 141 365 
2918 153 154 362 
2919 168 169 429 
2920 174 175 368 
2921 172 173 424 
2922 171 172 2529 
2923 142 143 428 
2924 235 236 344 
2925 146 147 432 
2926 255 436 2548 
2927 177 178 437 
2928 160 161 443 
2929 151 152 431 
2930 315 316 338 
2931 316 317 2551 
2932 233 449 2562 
2933 318 319 2555 
2934 319 320 341 
2935 338 316 2551 
2936 241 441 2579 
2937 317 433 2551 
2938 243 244 345 
2939 249 250 347 
2940 223 224 340 
2941 227 228 342 
2942 241 242 441 
2943 253 254 348 
2944 257 258 349 
2945 259 260 440 
2946 262 263 350 
2947 265 266 2569 
2948 266 267 351 
2949 271 272 352 
2950 239 240 346 
2951 233 234 449 
2952 237 238 427 
2953 317 318 433 
2954 319 341 2555 
2955 433 318 2555 
2956 168 429 2547 
2957 266 351 2569 
2958 448 265 2569 
2959 441 242 2504 
2960 90 91 447 
2961 94 95 446 
2962 92 93 336 
2963 88 89 335 
2964 96 97 337 
2965 91 92 2571 
2966 93 94 2575 
2967 240 241 2579 
2968 137 434 2557 
2969 94 446 2575 
2970 89 90 2572 
2971 263 264 2560 
2972 447 91 2571 
2973 444 252 2563 
2974 335 89 2572 
2975 449 234 2578 
2976 92 336 2571 
2977 375 136 2557 
2978 336 93 2575 
2979 346 240 2579 
2980 90 447 2572 
2981 256 257 2549 
2982 264 448 2560 
2983 136 137 2557 
2984 172 424 2529 
2985 436 256 2549 
2986 235 344 2578 
2987 234 235 2578 
2988 1149 1150 1151 
2989 1149 1148 1150 
2990 613 690 2470 
2991 2464 2465 2611 
2992 1508 1507 1509 
2993 690 615 2450 
2994 604 603 2580 
2995 1713 1982 1983 
2996 612 610 639 
2997 1150 1148 1278 
2998 439 230 2539 
2999 611 612 613 
3000 607 609 680 
3001 1357 1145 1667 
3002 1504 1506 1696 
3003 426 165 2503 
3004 611 610 612 
3005 1670 1143 1675 
3006 2371 2366 2372 
3007 1144 1146 1147 
3008 2538 439 2539 
3009 653 604 2580 
3010 1704 1720 1721 
3011 2494 426 2503 
3012 1147 1148 1149 
3013 606 604 653 
3014 1504 1505 1506 
3015 609 610 611 
3016 609 608 610 
3017 170 369 2533 
3018 607 608 609 
3019 1502 1504 2471 
3020 2508 2507 2509 
3021 607 606 608 
3022 1504 1696 2471 
3023 1509 1510 1511 
3024 613 615 690 
3025 1738 1667 1836 
3026 1667 1145 2588 
3027 1147 1146 1148 
3028 602 600 603 
3029 602 604 605 
3030 605 606 607 
3031 1506 1505 1507 
3032 605 604 606 
3033 1894 1510 1999 
3034 602 603 604 
3035 369 2531 2533 
3036 1148 1146 2581 
3037 1509 1507 1510 
3038 1357 1667 1738 
3039 929 928 930 
3040 1357 1738 1739 
3041 1146 1145 1357 
3042 1511 1510 1894 
3043 597 599 691 
3044 1146 1357 2581 
3045 977 938 1168 
3046 1144 1145 1146 
3047 1144 1147 2582 
3048 1278 1148 2581 
3049 1140 1141 1143 
3050 1232 1231 1533 
3051 1515 1513 1772 
3052 1138 1139 1140 
3053 1504 1503 1505 
3054 1107 1214 1215 
3055 1666 1231 2597 
3056 1675 1143 2582 
3057 1144 1141 1145 
3058 1357 1739 2581 
3059 1143 1141 1144 
3060 1999 1510 2585 
3061 601 600 602 
3062 596 594 637 
3063 1704 1517 1720 
3064 1136 1137 1138 
3065 599 600 601 
3066 1143 1144 2582 
3067 1502 1503 1504 
3068 1836 1667 2584 
3069 599 598 600 
3070 1513 1511 2583 
3071 1665 2440 2441 
3072 588 587 2586 
3073 1500 1502 2593 
3074 1505 1503 1723 
3075 1140 1139 1141 
3076 2431 571 2622 
3077 1511 1894 2583 
3078 1669 1125 1673 
3079 1138 1137 1139 
3080 1133 1134 1136 
3081 1507 1505 2585 
3082 597 598 599 
3083 1510 1507 2585 
3084 1139 1137 1142 
3085 597 596 598 
3086 1772 1513 2583 
3087 1131 1132 1133 
3088 1136 1134 1137 
3089 589 591 2587 
3090 595 596 597 
3091 591 593 678 
3092 1505 1723 2585 
3093 595 594 596 
3094 1107 1105 1214 
3095 1721 1720 2219 
3096 1038 921 2438 
3097 1517 1515 2590 
3098 1129 1130 1131 
3099 1133 1132 1134 
3100 655 588 2586 
3101 623 625 914 
3102 1106 1104 1705 
3103 1680 1167 1681 
3104 2219 1720 2220 
3105 593 594 595 
3106 1126 1128 1129 
3107 590 588 655 
3108 1502 1501 1503 
3109 1697 1500 2593 
3110 1720 1517 2590 
3111 1134 1132 1250 
3112 591 678 2587 
3113 593 592 594 
3114 1145 1141 2588 
3115 1131 1130 1132 
3116 616 614 2596 
3117 1152 1150 2597 
3118 1515 1772 2590 
3119 1141 1139 2588 
3120 1215 1413 1414 
3121 1572 1533 1919 
3122 591 592 593 
3123 1139 1142 2588 
3124 2220 1720 2590 
3125 1502 2471 2593 
3126 575 577 925 
3127 591 590 592 
3128 1500 1501 1502 
3129 589 2587 2599 
3130 586 588 589 
3131 1150 1278 2597 
3132 1129 1128 1130 
3133 1983 1982 1984 
3134 1486 1488 2613 
3135 586 584 587 
3136 589 590 591 
3137 1416 1414 1782 
3138 583 585 924 
3139 796 794 2636 
3140 933 999 1108 
3141 1501 1499 1781 
3142 589 588 590 
3143 1498 1500 1697 
3144 1137 1134 2592 
3145 1142 1137 2592 
3146 924 1102 1103 
3147 1413 1214 1425 
3148 586 587 588 
3149 646 926 927 
3150 1128 1127 2591 
3151 1130 1128 1293 
3152 1900 1425 1950 
3153 1215 1214 1413 
3154 1112 1113 1125 
3155 1105 1104 1106 
3156 1500 1499 1501 
3157 1103 1104 1105 
3158 1414 1413 2595 
3159 340 224 2517 
3160 1134 1250 2592 
3161 1126 1113 1127 
3162 1413 1425 1900 
3163 1126 1127 1128 
3164 1498 1499 1500 
3165 1712 1218 1729 
3166 1110 1111 1112 
3167 1108 1109 1110 
3168 924 585 1102 
3169 1125 1113 1126 
3170 1103 1102 1104 
3171 1673 1125 2594 
3172 1207 1000 1218 
3173 1654 1655 1656 
3174 1126 1129 2594 
3175 1782 1414 2595 
3176 585 584 586 
3177 1293 1128 2591 
3178 579 581 682 
3179 1112 1111 1113 
3180 1105 1106 2598 
3181 1413 1900 2595 
3182 1214 1105 2598 
3183 580 578 642 
3184 1125 1126 2594 
3185 1498 1497 1499 
3186 583 584 585 
3187 1425 1214 2598 
3188 1660 1869 1870 
3189 1533 1231 1666 
3190 1662 1801 2377 
3191 998 932 1000 
3192 1110 1109 1111 
3193 583 582 584 
3194 1111 1109 1200 
3195 932 929 2605 
3196 1713 1767 1982 
3197 586 589 2599 
3198 1345 1698 1699 
3199 1108 999 1109 
3200 2270 1919 2271 
3201 581 582 583 
3202 925 577 2600 
3203 1496 1497 1498 
3204 933 998 999 
3205 2516 340 2517 
3206 1102 585 2599 
3207 585 586 2599 
3208 799 796 2636 
3209 583 924 2601 
3210 581 580 582 
3211 654 619 1101 
3212 1982 1767 2190 
3213 1705 1104 2604 
3214 1422 1420 1426 
3215 1713 1712 1767 
3216 2286 1828 2287 
3217 1829 1351 2619 
3218 623 914 2589 
3219 1497 1495 1901 
3220 2599 2587 2604 
3221 579 580 581 
3222 1207 1712 1713 
3223 579 682 2600 
3224 801 802 803 
3225 682 581 2601 
3226 579 578 580 
3227 1654 1424 1655 
3228 1493 1495 1496 
3229 927 928 929 
3230 998 1000 1207 
3231 1352 1828 2255 
3232 574 573 646 
3233 1401 1920 1951 
3234 646 927 2611 
3235 2620 642 2631 
3236 933 932 998 
3237 1496 1495 1497 
3238 1207 1218 1712 
3239 577 578 579 
3240 581 583 2601 
3241 1601 1599 2735 
3242 577 576 578 
3243 1102 2599 2604 
3244 1493 1491 1494 
3245 621 623 2589 
3246 435 222 2514 
3247 1807 2623 2652 
3248 1352 1351 1827 
3249 2255 1828 2286 
3250 2286 2287 2288 
3251 1705 2604 2608 
3252 931 932 933 
3253 1068 1197 2619 
3254 572 574 575 
3255 2540 314 2543 
3256 805 802 2421 
3257 1104 1102 2604 
3258 1493 1494 1495 
3259 1656 1655 1661 
3260 2481 2479 2482 
3261 927 931 2611 
3262 575 576 577 
3263 1316 1305 2668 
3264 2483 134 2487 
3265 1352 1827 1828 
3266 572 570 573 
3267 577 579 2600 
3268 575 574 576 
3269 1661 1655 1968 
3270 2603 1983 2612 
3271 999 998 2603 
3272 1070 1068 2619 
3273 572 573 574 
3274 1669 1806 2620 
3275 931 929 932 
3276 2604 2587 2608 
3277 1653 2419 2656 
3278 568 566 1802 
3279 1207 1713 2603 
3280 1185 1683 1687 
3281 1488 1490 1695 
3282 1077 1070 1351 
3283 931 2464 2611 
3284 1000 932 2605 
3285 1660 1658 1869 
3286 1117 1116 1118 
3287 1401 1768 1920 
3288 927 929 931 
3289 998 1207 2603 
3290 1200 1109 2612 
3291 2474 2625 2647 
3292 1121 1123 1164 
3293 1077 1351 1352 
3294 2587 678 2608 
3295 179 366 2435 
3296 1164 1165 1167 
3297 1422 1426 2606 
3298 798 800 801 
3299 1424 1422 2606 
3300 1455 1553 1554 
3301 1109 999 2612 
3302 999 2603 2612 
3303 576 574 2614 
3304 571 570 572 
3305 1492 1491 1493 
3306 1444 1184 1445 
3307 567 569 683 
3308 2512 435 2514 
3309 914 625 2602 
3310 2611 2465 2614 
3311 1524 2366 2371 
3312 1655 1424 2606 
3313 652 1114 1115 
3314 569 570 571 
3315 1401 1261 1768 
3316 569 568 570 
3317 1076 1261 1401 
3318 1968 1655 2606 
3319 574 646 2614 
3320 1161 1159 1217 
3321 564 562 641 
3322 598 596 2623 
3323 1761 1445 1935 
3324 1568 1338 2666 
3325 1490 1491 1492 
3326 1870 1869 2025 
3327 792 790 793 
3328 1076 1077 1261 
3329 1167 1165 1183 
3330 1761 1935 2007 
3331 2355 2354 2356 
3332 567 568 569 
3333 573 570 2610 
3334 1489 1487 1546 
3335 592 590 2625 
3336 1183 1165 1184 
3337 1484 1486 1700 
3338 568 1802 2610 
3339 575 925 2622 
3340 1488 1695 2613 
3341 646 2611 2614 
3342 1076 1070 1077 
3343 1185 1444 1683 
3344 1164 1123 1165 
3345 1494 1491 2615 
3346 1185 1184 1444 
3347 567 566 568 
3348 1183 1184 1185 
3349 1444 1445 1761 
3350 1122 1120 1124 
3351 1584 1582 2412 
3352 570 568 2610 
3353 2419 2420 2656 
3354 561 563 679 
3355 1672 2463 2631 
3356 559 561 2609 
3357 625 627 2602 
3358 1490 1489 1491 
3359 1824 1883 1884 
3360 576 2614 2628 
3361 571 572 2622 
3362 642 578 2628 
3363 1488 1489 1490 
3364 565 566 567 
3365 366 2427 2435 
3366 1958 1645 2654 
3367 1165 1123 2616 
3368 565 564 566 
3369 1804 1803 2717 
3370 1859 2068 2069 
3371 1290 1124 1291 
3372 1489 1546 2615 
3373 2542 2540 2543 
3374 2463 1669 2620 
3375 685 662 693 
3376 1115 1116 1117 
3377 1802 566 2618 
3378 1290 1784 1785 
3379 792 795 2644 
3380 2620 1806 2630 
3381 1784 1291 1786 
3382 1067 1069 1573 
3383 1160 1158 1679 
3384 580 642 2630 
3385 792 793 794 
3386 1491 1489 2615 
3387 1370 1392 1393 
3388 592 2625 2650 
3389 1445 1184 2616 
3390 1069 1070 1076 
3391 598 2623 2655 
3392 1583 1582 1584 
3393 563 564 565 
3394 1121 1122 1123 
3395 1351 1070 2619 
3396 563 562 564 
3397 2385 1579 2704 
3398 627 629 681 
3399 1160 1803 1804 
3400 1203 1202 1204 
3401 561 679 2609 
3402 1068 1041 1197 
3403 1488 1487 1489 
3404 2614 2465 2628 
3405 2423 1188 2672 
3406 642 2628 2631 
3407 653 2580 2648 
3408 1076 1401 2617 
3409 561 562 563 
3410 1313 1312 1569 
3411 2651 603 2655 
3412 564 641 2618 
3413 1686 793 2678 
3414 596 637 2623 
3415 1184 1165 2616 
3416 795 796 797 
3417 561 560 562 
3418 1166 1805 1811 
3419 1011 1009 1187 
3420 587 2638 2642 
3421 1664 1423 2656 
3422 1122 1124 1290 
3423 2472 1670 2652 
3424 1785 1784 1967 
3425 1290 1291 1784 
3426 1160 1679 1803 
3427 2323 2321 2324 
3428 572 575 2622 
3429 566 564 2618 
3430 558 557 652 
3431 590 655 2625 
3432 1674 2469 2645 
3433 2469 1671 2647 
3434 2414 2413 2415 
3435 637 2650 2653 
3436 587 584 2638 
3437 1486 1487 1488 
3438 642 2620 2630 
3439 652 1115 2632 
3440 2394 2413 2414 
3441 1121 1120 1122 
3442 1069 1076 2617 
3443 2645 2469 2647 
3444 1069 1068 1070 
3445 556 558 559 
3446 1823 1217 1824 
3447 1311 1651 2668 
3448 1573 1069 2617 
3449 1354 1355 1356 
3450 2594 1674 2643 
3451 559 560 561 
3452 1119 1117 1120 
3453 1303 1302 2729 
3454 556 554 557 
3455 920 984 985 
3456 578 576 2628 
3457 941 939 2751 
3458 1115 1119 2632 
3459 1119 1120 1121 
3460 1019 1018 1135 
3461 1895 1645 1958 
3462 1805 1819 2772 
3463 2630 1806 2638 
3464 1548 1856 1857 
3465 2582 1676 2649 
3466 2586 587 2642 
3467 2616 1123 2621 
3468 2473 2472 2653 
3469 559 2609 2635 
3470 632 635 2432 
3471 559 558 560 
3472 637 594 2650 
3473 1580 1582 1583 
3474 1119 2448 2632 
3475 603 600 2655 
3476 1115 1117 1119 
3477 1123 1122 2621 
3478 2623 1807 2655 
3479 2625 2474 2650 
3480 1159 1158 1160 
3481 556 557 558 
3482 2393 644 2394 
3483 2586 2642 2643 
3484 2628 2465 2631 
3485 2465 1672 2631 
3486 1370 1394 2640 
3487 2408 2406 2699 
3488 1585 1584 1586 
3489 1157 1158 1159 
3490 1366 1072 2738 
3491 2386 2385 2704 
3492 582 580 2630 
3493 2643 1674 2645 
3494 1883 1825 1995 
3495 923 787 939 
3496 1290 1785 2621 
3497 1935 1445 2657 
3498 2273 1606 2274 
3499 2472 2652 2653 
3500 627 681 2602 
3501 2769 1205 2774 
3502 692 1156 1157 
3503 1067 1068 1069 
3504 1280 1038 1282 
3505 1117 1118 2629 
3506 1356 1547 1548 
3507 1122 1290 2621 
3508 1486 1485 1487 
3509 681 2428 2430 
3510 1859 2069 2893 
3511 1173 1174 1300 
3512 1124 1120 2629 
3513 2649 2580 2651 
3514 553 555 692 
3515 2580 603 2651 
3516 565 2416 2679 
3517 1171 1172 1173 
3518 425 2521 2524 
3519 1681 2689 2700 
3520 1157 1156 1158 
3521 1114 557 2667 
3522 1824 1825 1883 
3523 549 551 934 
3524 1585 1645 1682 
3525 1792 766 1850 
3526 1016 1040 1451 
3527 2622 925 2646 
3528 1687 1683 2706 
3529 1169 1170 1171 
3530 1160 1804 2634 
3531 996 961 997 
3532 1583 1584 1585 
3533 1067 1041 1068 
3534 582 2630 2638 
3535 1824 1217 1825 
3536 1051 993 1198 
3537 812 811 816 
3538 1484 1485 1486 
3539 1213 1209 1345 
3540 2632 2449 2641 
3541 1217 1159 2634 
3542 560 558 2641 
3543 915 916 917 
3544 1585 1586 1645 
3545 555 554 556 
3546 1793 2242 2257 
3547 2394 644 2413 
3548 1682 1645 1895 
3549 1095 1524 2371 
3550 1349 1198 1408 
3551 2638 1806 2642 
3552 1120 1117 2629 
3553 925 2440 2646 
3554 1040 1041 1067 
3555 634 633 2403 
3556 1118 1580 2627 
3557 692 555 1156 
3558 2431 2622 2646 
3559 1569 1570 1793 
3560 584 582 2638 
3561 550 548 640 
3562 2485 2483 2487 
3563 1177 1813 2672 
3564 1067 1573 2633 
3565 1159 1160 2634 
3566 1040 1017 1041 
3567 791 790 792 
3568 806 805 811 
3569 1806 1673 2642 
3570 1206 1266 1267 
3571 977 1168 1169 
3572 1580 1583 2627 
3573 791 792 2644 
3574 1118 2627 2629 
3575 800 1166 2421 
3576 553 554 555 
3577 1807 2651 2655 
3578 800 799 1166 
3579 554 552 2667 
3580 2382 442 2390 
3581 1825 1217 2634 
3582 2642 1673 2643 
3583 558 652 2641 
3584 1673 2594 2643 
3585 939 787 2712 
3586 1301 1304 2687 
3587 553 552 554 
3588 792 794 795 
3589 268 2476 2481 
3590 1668 2295 2719 
3591 610 608 2673 
3592 2650 2474 2653 
3593 1318 1135 1319 
3594 1348 1481 1482 
3595 1935 2657 2664 
3596 655 2586 2645 
3597 1179 1177 2672 
3598 667 547 2663 
3599 1484 1483 1485 
3600 655 2645 2647 
3601 1213 1345 1346 
3602 2586 2643 2645 
3603 1676 2458 2648 
3604 547 549 2663 
3605 818 816 820 
3606 1182 1179 1188 
3607 1524 2365 2366 
3608 1675 2582 2649 
3609 1810 1340 2689 
3610 1795 781 1837 
3611 1675 2649 2651 
3612 693 834 2446 
3613 1807 1675 2651 
3614 2474 2473 2653 
3615 594 592 2650 
3616 1451 1040 2633 
3617 1012 902 1255 
3618 600 598 2655 
3619 1423 1653 2656 
3620 1116 1114 2704 
3621 913 793 1686 
3622 1078 997 1079 
3623 1016 1017 1040 
3624 1056 1367 1368 
3625 556 559 2635 
3626 1677 799 2636 
3627 652 2632 2641 
3628 1040 1067 2633 
3629 2634 1804 2661 
3630 551 552 553 
3631 1461 1578 1896 
3632 2616 2621 2657 
3633 1482 1483 1484 
3634 2692 1306 2729 
3635 1208 1188 1209 
3636 954 1055 1056 
3637 1833 1619 1929 
3638 2652 637 2653 
3639 918 920 2437 
3640 1008 1010 1398 
3641 1551 1962 2127 
3642 824 820 829 
3643 1181 1460 1461 
3644 551 550 552 
3645 836 829 910 
3646 972 910 993 
3647 2625 655 2647 
3648 1812 1686 1815 
3649 555 556 2635 
3650 1397 1395 1450 
3651 635 915 2432 
3652 2621 1785 2657 
3653 2623 637 2652 
3654 1679 1158 2665 
3655 1156 555 2635 
3656 944 1678 2269 
3657 2407 2406 2408 
3658 1588 1590 1648 
3659 1483 1481 1734 
3660 1016 1011 1017 
3661 1305 1307 2668 
3662 1445 2616 2657 
3663 1482 1481 1483 
3664 1680 1681 2694 
3665 641 562 2684 
3666 934 551 2639 
3667 1208 1213 1711 
3668 1354 1269 1355 
3669 1825 2634 2661 
3670 553 692 2639 
3671 1455 1315 1553 
3672 2635 2609 2665 
3673 560 2641 2684 
3674 563 565 2679 
3675 922 919 2666 
3676 935 797 936 
3677 549 550 551 
3678 1348 1480 1481 
3679 795 935 2644 
3680 1815 1686 2721 
3681 1370 1368 1392 
3682 1206 1204 1266 
3683 917 918 921 
3684 1859 1857 2068 
3685 1208 1209 1213 
3686 1645 1586 2654 
3687 1793 1570 2242 
3688 545 547 667 
3689 1313 1569 2691 
3690 913 1686 1812 
3691 549 548 550 
3692 1348 1281 1480 
3693 1659 1660 2711 
3694 798 801 2671 
3695 1218 1000 2701 
3696 1586 1588 2654 
3697 1995 1825 2661 
3698 794 793 913 
3699 1592 2406 2407 
3700 1687 2701 2730 
3701 1058 1201 1202 
3702 633 630 2397 
3703 2657 1785 2664 
3704 1651 1337 1652 
3705 551 553 2639 
3706 940 939 941 
3707 2711 1803 2739 
3708 2407 2409 2410 
3709 2694 1681 2700 
3710 794 913 2636 
3711 2682 1682 2709 
3712 1010 1011 1016 
3713 1280 1282 1728 
3714 1461 1460 1578 
3715 1681 1167 2710 
3716 1569 1312 1570 
3717 1016 1451 2660 
3718 547 548 549 
3719 544 542 651 
3720 2434 2618 2700 
3721 1156 2635 2665 
3722 950 948 2857 
3723 393 2321 2323 
3724 1182 1188 1208 
3725 1785 1967 2664 
3726 1384 1383 1887 
3727 1168 938 2714 
3728 641 2684 2694 
3729 654 2849 2850 
3730 1578 1460 2047 
3731 2641 2449 2684 
3732 1304 1552 2687 
3733 549 934 2663 
3734 2248 1553 2249 
3735 1803 2711 2717 
3736 1554 1553 2248 
3737 693 694 834 
3738 1759 1300 1848 
3739 2243 2692 2729 
3740 826 693 2446 
3741 795 797 935 
3742 1158 1156 2665 
3743 1585 1682 2682 
3744 547 546 548 
3745 1166 1677 1805 
3746 834 835 1005 
3747 1010 1009 1011 
3748 1567 1338 1568 
3749 1786 1291 2709 
3750 1896 1578 2045 
3751 1006 835 1007 
3752 1039 1281 1347 
3753 1005 1006 1292 
3754 797 798 2671 
3755 2627 1583 2682 
3756 1398 1010 2660 
3757 63 64 378 
3758 639 610 2673 
3759 2097 2260 2894 
3760 557 554 2667 
3761 2356 2354 2357 
3762 2458 1668 2719 
3763 2671 1808 2714 
3764 1181 1179 1182 
3765 540 538 541 
3766 936 2671 2714 
3767 1268 1353 2772 
3768 653 2719 2731 
3769 1347 1281 1348 
3770 1056 1055 1367 
3771 937 936 938 
3772 1759 2210 2211 
3773 1588 1648 2654 
3774 1166 799 1677 
3775 1805 1677 1819 
3776 2028 1691 2029 
3777 2407 2408 2409 
3778 1938 1757 1949 
3779 920 985 2437 
3780 1267 1266 1459 
3781 789 791 944 
3782 921 918 2437 
3783 1393 1392 1551 
3784 1005 835 1006 
3785 944 791 1678 
3786 1356 1355 1547 
3787 1367 1055 1684 
3788 200 201 379 
3789 1721 2219 2683 
3790 545 546 547 
3791 2701 1687 2706 
3792 1532 1087 2417 
3793 540 542 543 
3794 981 1057 1058 
3795 1181 1182 1460 
3796 801 803 1808 
3797 2717 1870 2723 
3798 679 563 2679 
3799 1548 1547 1856 
3800 1441 2293 2310 
3801 954 938 977 
3802 935 936 937 
3803 649 634 2403 
3804 284 411 3419 
3805 386 283 3419 
3806 834 694 835 
3807 1393 1551 2626 
3808 1809 2627 2682 
3809 1177 1175 1813 
3810 545 544 546 
3811 2421 1811 2697 
3812 1010 1016 2660 
3813 1008 1009 1010 
3814 562 560 2684 
3815 1308 1306 2692 
3816 1459 1266 1756 
3817 1809 2682 2709 
3818 1173 1300 1759 
3819 1764 1684 1913 
3820 813 773 948 
3821 1201 1057 1283 
3822 1178 1179 1181 
3823 923 939 940 
3824 2069 2068 2099 
3825 1202 1201 1382 
3826 1704 1721 2814 
3827 2242 1570 2243 
3828 942 941 943 
3829 1008 1007 1009 
3830 1551 1961 1962 
3831 1721 2813 2814 
3832 1311 1337 1651 
3833 307 425 2524 
3834 543 542 544 
3835 1583 1585 2682 
3836 1169 1171 1403 
3837 1341 1078 2405 
3838 543 544 545 
3839 2768 1346 2793 
3840 1340 2434 2689 
3841 2756 1007 2758 
3842 1395 1393 2626 
3843 540 541 542 
3844 1552 1316 1765 
3845 1039 1038 1280 
3846 1204 1202 2662 
3847 1367 1684 1764 
3848 1678 791 2644 
3849 2275 2274 2276 
3850 805 2421 2697 
3851 1704 2814 2817 
3852 202 203 2677 
3853 1300 1301 2687 
3854 1764 1913 1939 
3855 937 938 954 
3856 1810 2689 2710 
3857 1006 1007 1008 
3858 954 977 1055 
3859 942 980 981 
3860 1577 1704 2817 
3861 693 662 694 
3862 1188 1179 2672 
3863 1817 1816 2136 
3864 1269 1267 2693 
3865 937 2422 2685 
3866 1364 1718 1851 
3867 2242 2243 2244 
3868 2446 1814 2718 
3869 1759 1848 2210 
3870 1459 1756 1912 
3871 1388 1387 1816 
3872 1185 1687 2727 
3873 66 67 404 
3874 980 943 983 
3875 1039 1280 1281 
3876 608 606 2731 
3877 537 539 945 
3878 2609 679 2724 
3879 2449 1680 2694 
3880 2684 2449 2694 
3881 2605 930 2730 
3882 1577 2817 2819 
3883 2247 1822 2250 
3884 1765 1316 2742 
3885 1693 1412 1750 
3886 2456 1577 2819 
3887 1551 1392 1961 
3888 1740 1263 1741 
3889 1315 1313 2691 
3890 783 785 953 
3891 2478 422 2480 
3892 2966 1293 3323 
3893 1058 1057 1201 
3894 1178 1177 1179 
3895 1202 1382 2662 
3896 1547 1355 1732 
3897 1392 1368 2688 
3898 816 811 817 
3899 2689 1681 2710 
3900 2457 2456 2820 
3901 1387 1095 2371 
3902 2661 1804 2723 
3903 653 2648 2719 
3904 2249 1553 2691 
3905 956 921 1038 
3906 674 673 676 
3907 1579 1116 2704 
3908 2644 935 2685 
3909 1991 1990 2109 
3910 1907 1990 1991 
3911 1911 1765 2262 
3912 311 2109 3263 
3913 1917 1406 1918 
3914 2457 2820 2821 
3915 801 1808 2671 
3916 641 2694 2700 
3917 936 797 2671 
3918 2727 1687 2730 
3919 1368 1367 2688 
3920 2456 2819 2820 
3921 1355 1269 2693 
3922 956 1038 1039 
3923 1208 1711 2669 
3924 203 204 405 
3925 2724 2411 2739 
3926 1598 1600 1643 
3927 1678 2644 2685 
3928 977 1169 2681 
3929 2693 1459 2725 
3930 1182 1208 2669 
3931 2668 1651 2742 
3932 788 787 923 
3933 985 1018 1019 
3934 1848 1300 2687 
3935 197 198 399 
3936 1553 1315 2691 
3937 1266 1204 2662 
3938 60 61 398 
3939 1648 1590 2680 
3940 1647 1621 1649 
3941 1000 2605 2701 
3942 1218 2701 2706 
3943 2422 1369 2734 
3944 958 2180 2181 
3945 1961 1392 2688 
3946 2618 641 2700 
3947 1304 1316 1552 
3948 1795 1837 2363 
3949 1858 1859 2884 
3950 1291 1809 2709 
3951 786 788 789 
3952 1072 1364 2738 
3953 981 980 1057 
3954 1267 1459 2693 
3955 945 1175 1176 
3956 961 826 2446 
3957 1684 1055 2681 
3958 964 963 965 
3959 1721 2683 2813 
3960 1460 1182 2669 
3961 793 790 2678 
3962 942 943 980 
3963 1480 1281 2675 
3964 2407 2410 2680 
3965 1176 1177 1178 
3966 1171 1173 2686 
3967 1167 1183 2710 
3968 940 941 942 
3969 1590 1592 2680 
3970 1195 1194 1263 
3971 913 1812 2698 
3972 1280 1728 2675 
3973 2411 1663 2739 
3974 2047 1460 2669 
3975 1677 2636 2698 
3976 1663 1659 2711 
3977 539 538 540 
3978 1592 2407 2680 
3979 1714 1691 2028 
3980 194 195 407 
3981 789 788 790 
3982 2833 1492 2838 
3983 790 788 2678 
3984 2476 2479 2481 
3985 2636 913 2698 
3986 2711 1660 2717 
3987 1055 977 2681 
3988 788 923 2678 
3989 789 790 791 
3990 1810 2710 2727 
3991 57 58 408 
3992 2719 2295 2731 
3993 917 921 956 
3994 1552 1765 1911 
3995 1281 1280 2675 
3996 1176 1175 1177 
3997 1690 1691 1714 
3998 945 539 1175 
3999 68 69 450 
4000 910 829 911 
4001 789 944 2716 
4002 1819 1677 2698 
4003 786 784 787 
4004 811 805 2697 
4005 1756 1266 2662 
4006 2406 1596 2699 
4007 204 205 2676 
4008 786 787 788 
4009 1319 1757 1938 
4010 935 937 2685 
4011 1450 1395 2626 
4012 2811 1302 2846 
4013 1759 2211 2686 
4014 1079 1186 1383 
4015 2029 1691 2707 
4016 1169 1403 2681 
4017 2378 546 2740 
4018 1837 781 2696 
4019 2276 2277 2279 
4020 1732 1355 2693 
4021 1735 1652 1868 
4022 1388 1816 1817 
4023 1367 1764 2688 
4024 1804 2717 2723 
4025 1855 1341 2405 
4026 662 649 2722 
4027 537 538 539 
4028 532 534 684 
4029 1173 1759 2686 
4030 1312 1308 2692 
4031 1473 1474 1475 
4032 1265 1095 1387 
4033 1570 1312 2692 
4034 1403 1171 2686 
4035 1732 2693 2725 
4036 2710 1183 2727 
4037 1383 1186 1385 
4038 1686 2678 2721 
4039 1272 1212 2670 
4040 694 662 2722 
4041 1079 997 1186 
4042 1019 1135 1318 
4043 955 1072 1366 
4044 2243 1570 2692 
4045 1318 1319 2707 
4046 2403 2404 2722 
4047 2187 1274 3081 
4048 1690 1318 1691 
4049 938 936 2714 
4050 2648 2458 2719 
4051 540 543 2702 
4052 205 206 451 
4053 537 535 538 
4054 817 811 2697 
4055 953 785 1688 
4056 944 2269 2713 
4057 1813 1175 2702 
4058 533 531 636 
4059 2743 981 2763 
4060 1283 1057 2708 
4061 1929 1619 2755 
4062 1596 1598 2699 
4063 1679 2665 2724 
4064 649 2403 2722 
4065 1198 993 1237 
4066 2797 2288 2843 
4067 1265 1387 1388 
4068 1306 1303 2729 
4069 1600 1602 2705 
4070 1679 2724 2739 
4071 1678 2685 2734 
4072 980 983 2708 
4073 1811 1805 2770 
4074 846 847 848 
4075 1388 1817 1843 
4076 2274 1606 2735 
4077 1736 1906 1907 
4078 2765 1699 2806 
4079 1907 1906 1990 
4080 539 540 2702 
4081 1183 1185 2727 
4082 1651 1652 1735 
4083 534 535 537 
4084 1789 2322 2733 
4085 2438 2437 2736 
4086 930 1810 2730 
4087 785 784 786 
4088 782 781 1795 
4089 2665 2609 2724 
4090 1719 1365 1725 
4091 1606 1601 2735 
4092 2678 923 2721 
4093 69 70 2690 
4094 1058 1203 2763 
4095 1810 2727 2730 
4096 534 533 535 
4097 606 653 2731 
4098 1651 1735 2742 
4099 1175 539 2702 
4100 1161 1823 2765 
4101 1057 980 2708 
4102 780 782 783 
4103 545 667 2741 
4104 1598 1643 2699 
4105 1094 1093 1095 
4106 923 940 2721 
4107 203 405 2677 
4108 2772 1819 2773 
4109 206 207 2703 
4110 546 544 2740 
4111 2276 2274 2277 
4112 777 779 819 
4113 1459 1912 2725 
4114 915 917 2720 
4115 949 948 950 
4116 1019 1318 1690 
4117 997 961 2718 
4118 1187 1009 2756 
4119 1380 1379 1381 
4120 2702 543 2741 
4121 422 270 2480 
4122 993 910 2715 
4123 1815 2721 2743 
4124 1643 1600 2705 
4125 2502 2087 3354 
4126 2432 915 2720 
4127 1319 1938 2707 
4128 2277 2274 2735 
4129 2687 1552 2737 
4130 1691 1318 2707 
4131 2269 1678 2734 
4132 2400 541 2837 
4133 2842 2414 2848 
4134 783 784 785 
4135 532 533 534 
4136 1813 2702 2741 
4137 1718 1719 1736 
4138 917 956 2720 
4139 1735 1868 2019 
4140 1552 1911 2737 
4141 1736 1719 1906 
4142 783 953 2744 
4143 942 981 2743 
4144 1815 2743 2763 
4145 2685 2422 2734 
4146 1803 1679 2739 
4147 961 2446 2718 
4148 780 781 782 
4149 1639 1634 2165 
4150 786 789 2716 
4151 1824 1884 2768 
4152 910 911 2715 
4153 405 204 2676 
4154 780 778 781 
4155 1186 997 2718 
4156 783 782 784 
4157 70 71 464 
4158 526 528 666 
4159 785 786 2716 
4160 782 1795 2712 
4161 2404 2756 2758 
4162 1047 1277 1744 
4163 532 531 533 
4164 1541 1288 2776 
4165 1997 1649 2050 
4166 1271 1406 1886 
4167 2455 2843 2844 
4168 1316 2668 2742 
4169 1271 1212 1272 
4170 1094 1095 1265 
4171 1688 785 2716 
4172 1073 974 1074 
4173 1543 1769 2126 
4174 2343 1876 3157 
4175 717 716 718 
4176 1237 993 2715 
4177 2423 2672 2759 
4178 1092 1091 1093 
4179 1364 1851 2738 
4180 1886 1406 1917 
4181 816 817 2749 
4182 1604 1608 1642 
4183 1094 1265 1745 
4184 784 782 2712 
4185 544 651 2740 
4186 1751 1750 1752 
4187 1221 1371 1717 
4188 1007 835 2758 
4189 1848 2687 2737 
4190 1271 1272 1406 
4191 813 948 949 
4192 1196 1193 1210 
4193 1440 2292 2293 
4194 1922 1921 1923 
4195 2119 2116 3079 
4196 543 545 2741 
4197 530 531 532 
4198 2293 2292 2310 
4199 2116 1639 2117 
4200 1295 1773 1774 
4201 2794 1187 2795 
4202 962 963 964 
4203 787 784 2712 
4204 205 451 2676 
4205 951 950 952 
4206 1610 1612 1755 
4207 1097 1321 1322 
4208 1085 1543 2417 
4209 638 2982 3105 
4210 1092 1093 1094 
4211 2721 940 2743 
4212 530 529 531 
4213 1619 1620 2755 
4214 2787 1703 2788 
4215 2775 1347 2791 
4216 2437 985 2736 
4217 2094 2256 2728 
4218 522 520 958 
4219 2430 2428 2791 
4220 1211 1210 1212 
4221 1718 1365 1719 
4222 2992 2002 3384 
4223 2398 2395 2795 
4224 940 942 2743 
4225 527 525 647 
4226 2073 2072 2963 
4227 694 2722 2758 
4228 197 399 2757 
4229 819 779 1692 
4230 1353 2770 2772 
4231 1930 814 2075 
4232 1039 1347 2775 
4233 450 69 2690 
4234 2810 2467 2827 
4235 2822 691 2823 
4236 1090 1089 1091 
4237 2825 601 2826 
4238 768 770 957 
4239 779 778 780 
4240 1345 1699 2793 
4241 1484 1700 2792 
4242 196 197 2757 
4243 1543 2126 2417 
4244 1572 2270 2796 
4245 1206 1268 2773 
4246 939 2712 2751 
4247 1782 2595 3147 
4248 2418 1685 2853 
4249 2429 2720 2775 
4250 1090 1092 1342 
4251 2812 1697 2832 
4252 2393 2396 2794 
4253 1698 2423 2789 
4254 1364 1365 1718 
4255 1205 1206 2773 
4256 2792 2430 2803 
4257 2157 2156 2158 
4258 1072 1073 1364 
4259 820 816 2749 
4260 528 529 530 
4261 955 974 1072 
4262 949 951 955 
4263 177 437 2800 
4264 2451 2834 2836 
4265 639 2673 2797 
4266 1083 1084 1085 
4267 1760 2078 2988 
4268 1895 1958 3370 
4269 1088 1087 1089 
4270 985 1019 2736 
4271 2872 1071 2906 
4272 1792 1850 2285 
4273 528 527 529 
4274 1037 1035 1066 
4275 451 206 2703 
4276 777 778 779 
4277 2362 1808 2766 
4278 952 1412 1693 
4279 2423 2759 2789 
4280 1211 1212 1271 
4281 1196 1211 1457 
4282 2438 2736 2790 
4283 1795 2363 2751 
4284 1019 1690 2736 
4285 1699 1698 2801 
4286 2741 667 2759 
4287 1693 1750 1751 
4288 1364 1073 1365 
4289 1072 974 1073 
4290 1701 1046 2847 
4291 758 759 2841 
4292 595 597 2807 
4293 949 950 951 
4294 1230 1295 2809 
4295 1090 1091 1092 
4296 774 773 813 
4297 2306 2811 2846 
4298 2639 2442 2806 
4299 2415 654 2850 
4300 771 774 775 
4301 1440 2290 2292 
4302 2770 1805 2772 
4303 605 607 2810 
4304 955 951 974 
4305 1017 2804 2828 
4306 2720 956 2775 
4307 1009 1007 2756 
4308 777 776 778 
4309 398 61 2784 
4310 762 764 959 
4311 1614 1619 1833 
4312 2722 2404 2758 
4313 1348 1482 2803 
4314 955 1366 2761 
4315 957 1189 1190 
4316 951 952 2754 
4317 2470 690 2812 
4318 835 694 2758 
4319 2404 2398 2795 
4320 2712 1795 2751 
4321 2181 2180 2182 
4322 1842 2908 2909 
4323 3169 2809 3314 
4324 1699 2801 2806 
4325 526 527 528 
4326 775 776 777 
4327 2672 1813 2759 
4328 1716 2375 2808 
4329 1950 1425 2813 
4330 1196 1210 1211 
4331 475 479 2188 
4332 825 2658 2764 
4333 3168 1934 3359 
4334 771 769 773 
4335 1717 1724 1766 
4336 2442 1161 2765 
4337 775 774 776 
4338 2765 1823 2793 
4339 1778 2229 2979 
4340 2868 1255 3100 
4341 469 467 1937 
4342 1819 2698 2774 
4343 70 464 2690 
4344 1282 2438 2790 
4345 2030 1872 3182 
4346 1698 2789 2801 
4347 1753 1752 1908 
4348 593 595 2821 
4349 1808 803 2766 
4350 1191 1189 1826 
4351 1194 1193 1196 
4352 1694 2457 2822 
4353 981 1058 2763 
4354 1751 1753 1754 
4355 2461 2460 2823 
4356 1088 1089 1090 
4357 1880 2022 2024 
4358 2958 1283 2959 
4359 519 521 660 
4360 2466 2462 2826 
4361 1813 2741 2759 
4362 1192 1193 1194 
4363 2763 1203 2769 
4364 1047 1744 2860 
4365 780 783 2744 
4366 2683 1950 2813 
4367 526 525 527 
4368 1823 1824 2768 
4369 1696 2467 2829 
4370 2444 2443 2835 
4371 2417 2126 2780 
4372 1812 1815 2769 
4373 1174 1172 2846 
4374 449 2578 3189 
4375 1765 2742 2782 
4376 974 951 2754 
4377 2884 1859 2893 
4378 2451 2450 2838 
4379 2736 1690 2790 
4380 1498 1697 2836 
4381 1493 1496 2834 
4382 2697 1811 2762 
4383 1074 974 2754 
4384 779 780 2744 
4385 2602 2799 2824 
4386 1822 1716 2808 
4387 1490 1492 2833 
4388 1197 1041 2828 
4389 1227 1440 2293 
4390 2696 776 2748 
4391 1812 2769 2774 
4392 1751 1752 1753 
4393 1624 1622 2798 
4394 876 879 880 
4395 1190 1191 1192 
4396 771 773 774 
4397 2698 1812 2774 
4398 2596 2455 2844 
4399 1692 779 2744 
4400 1769 2189 2887 
4401 1192 1191 1193 
4402 1831 1523 1986 
4403 2429 2775 2791 
4404 61 62 2784 
4405 817 2697 2762 
4406 1753 1908 1915 
4407 1086 1085 1087 
4408 911 2869 2877 
4409 2759 667 2789 
4410 952 1693 2754 
4411 2394 2414 2842 
4412 1277 2178 3074 
4413 1833 1929 2134 
4414 2287 1828 2845 
4415 1086 1088 1449 
4416 524 525 526 
4417 957 770 1189 
4418 1829 2619 2848 
4419 668 664 669 
4420 956 1039 2775 
4421 1253 1360 3030 
4422 2729 1302 2811 
4423 1699 2765 2793 
4424 1532 2417 2780 
4425 1017 1011 2804 
4426 1741 1742 1973 
4427 1094 1745 2752 
4428 2294 2288 2797 
4429 1623 1625 1646 
4430 953 2267 2840 
4431 2282 529 2907 
4432 2159 2158 2162 
4433 1086 1087 1088 
4434 681 2430 2799 
4435 2602 681 2799 
4436 2110 2111 3322 
4437 1741 1263 1742 
4438 524 522 525 
4439 1878 1879 1880 
4440 1546 1487 2852 
4441 2430 2791 2803 
4442 2295 2294 2797 
4443 1471 1472 1473 
4444 1255 902 2767 
4445 1276 1046 1701 
4446 1608 1610 2753 
4447 966 965 967 
4448 2486 2705 3409 
4449 691 599 2825 
4450 1092 1094 2752 
4451 2181 2182 2183 
4452 767 766 1792 
4453 1642 1608 2753 
4454 1271 1886 2760 
4455 1467 1468 1469 
4456 776 774 2748 
4457 1190 1189 1191 
4458 2351 2349 2868 
4459 601 602 2827 
4460 774 813 2748 
4461 1033 1031 1234 
4462 1342 1092 2752 
4463 518 516 657 
4464 1268 2772 2773 
4465 65 66 2856 
4466 2756 2404 2795 
4467 2306 2244 2811 
4468 2444 2833 2838 
4469 1011 1187 2804 
4470 1196 1457 2786 
4471 2505 1782 3147 
4472 96 337 2865 
4473 446 95 2865 
4474 2244 2243 2811 
4475 2957 2311 3346 
4476 667 2663 2789 
4477 1627 1629 1644 
4478 2673 2295 2797 
4479 1830 1296 2217 
4480 521 522 524 
4481 1815 2763 2769 
4482 2428 2429 2791 
4483 2804 2396 2828 
4484 1610 1755 2753 
4485 2140 2139 2141 
4486 3321 1410 3399 
4487 2799 1700 2824 
4488 1779 1942 3085 
4489 2292 2290 2980 
4490 2216 756 3300 
4491 1263 1194 2786 
4492 1087 1085 2417 
4493 2395 2393 2794 
4494 1210 1193 2777 
4495 1973 1742 1974 
4496 1482 1484 2792 
4497 765 763 766 
4498 1346 1345 2793 
4499 1211 1271 2760 
4500 770 769 771 
4501 765 767 768 
4502 1457 1211 2760 
4503 1690 1714 2790 
4504 759 762 2841 
4505 1702 1970 2026 
4506 1794 1572 2796 
4507 2573 2574 3163 
4508 1346 2768 2867 
4509 351 2482 2923 
4510 2762 1811 2770 
4511 2223 2225 2226 
4512 2532 1919 3385 
4513 813 949 2761 
4514 2383 1858 2877 
4515 1187 2756 2795 
4516 1735 2019 2782 
4517 2789 2663 2801 
4518 521 520 522 
4519 176 177 2800 
4520 949 955 2761 
4521 1742 1263 2786 
4522 1256 1257 1258 
4523 2792 1700 2799 
4524 1197 2842 2848 
4525 538 535 2837 
4526 765 766 767 
4527 2762 2418 2853 
4528 2455 639 2843 
4529 2742 1735 2782 
4530 3042 2203 3110 
4531 1090 1342 2771 
4532 2849 1829 2850 
4533 1083 1085 1086 
4534 2402 1607 2912 
4535 768 769 770 
4536 1194 1196 2786 
4537 513 515 643 
4538 2844 2287 2845 
4539 968 967 969 
4540 2801 934 2806 
4541 2663 934 2801 
4542 817 2762 2853 
4543 2794 2396 2804 
4544 959 764 2788 
4545 768 767 769 
4546 2824 2613 2830 
4547 1101 2845 2849 
4548 1842 1299 2908 
4549 1347 1348 2803 
4550 1700 2613 2824 
4551 2754 1693 2802 
4552 934 2639 2806 
4553 2843 2287 2844 
4554 654 1101 2849 
4555 424 3251 3375 
4556 1247 3089 3202 
4557 1837 2879 2905 
4558 1088 1090 2771 
4559 519 520 521 
4560 2205 2216 2866 
4561 597 691 2807 
4562 1912 2551 3304 
4563 499 497 2851 
4564 1850 2872 2906 
4565 599 601 2825 
4566 1191 1826 2777 
4567 602 605 2827 
4568 2748 813 2761 
4569 2833 2444 2835 
4570 2613 1695 2830 
4571 607 680 2810 
4572 2254 2747 3052 
4573 1774 1773 1963 
4574 1754 1753 2783 
4575 768 957 2787 
4576 660 521 2781 
4577 519 518 520 
4578 2830 1695 2835 
4579 514 512 971 
4580 1193 1191 2777 
4581 2829 680 2831 
4582 1449 1088 2771 
4583 1753 1915 2783 
4584 680 2475 2831 
4585 2834 2451 2838 
4586 2831 2475 2832 
4587 2475 2470 2832 
4588 690 2451 2812 
4589 3116 1833 3223 
4590 2457 2807 2822 
4591 2430 2792 2799 
4592 689 695 696 
4593 1236 1235 1275 
4594 771 775 2778 
4595 2250 1822 2808 
4596 777 819 2859 
4597 1425 2598 2813 
4598 2114 1462 3126 
4599 1197 2828 2842 
4600 2813 2598 2814 
4601 1426 1420 2883 
4602 2598 1106 2814 
4603 1276 1701 1702 
4604 1702 1701 1969 
4605 2177 416 3363 
4606 911 829 2869 
4607 2814 1106 2817 
4608 1826 1189 2778 
4609 1913 1684 2880 
4610 1106 1705 2817 
4611 517 518 519 
4612 964 965 966 
4613 2817 1705 2819 
4614 2467 2810 2829 
4615 1705 2608 2819 
4616 1540 2986 3053 
4617 2791 1347 2803 
4618 1751 1754 2802 
4619 140 365 2888 
4620 2819 2608 2820 
4621 1441 2310 2311 
4622 3214 112 3266 
4623 1748 1238 2235 
4624 2608 678 2820 
4625 2820 678 2821 
4626 331 2139 2140 
4627 678 593 2821 
4628 521 524 2781 
4629 1538 1238 1748 
4630 1697 2812 2836 
4631 1799 1798 2008 
4632 2243 2729 2811 
4633 1829 2848 2850 
4634 761 760 962 
4635 1924 1923 2000 
4636 2460 1694 2822 
4637 1189 770 2778 
4638 1865 1284 1866 
4639 2462 2461 2823 
4640 914 2824 2830 
4641 1693 1751 2802 
4642 914 2602 2824 
4643 2467 2466 2826 
4644 1187 2794 2804 
4645 767 1792 2779 
4646 2778 775 2859 
4647 517 516 518 
4648 770 771 2778 
4649 2471 1696 2829 
4650 2471 2829 2831 
4651 764 765 2787 
4652 2589 914 2830 
4653 2593 2471 2831 
4654 1728 1282 2903 
4655 1041 1017 2828 
4656 2593 2831 2832 
4657 1082 1081 1083 
4658 1776 1437 1777 
4659 1697 2593 2832 
4660 2589 2830 2835 
4661 773 769 2779 
4662 1074 2754 2802 
4663 1695 1490 2833 
4664 1496 1498 2836 
4665 1492 1493 2834 
4666 2443 2589 2835 
4667 966 967 968 
4668 2450 2444 2838 
4669 820 2749 2869 
4670 2043 2040 2265 
4671 1787 1565 1788 
4672 769 767 2779 
4673 1295 1774 2809 
4674 384 79 2901 
4675 2396 2394 2842 
4676 1826 2778 2859 
4677 1047 1276 1277 
4678 2288 2287 2843 
4679 1837 2696 2879 
4680 2164 2160 3197 
4681 148 373 2895 
4682 432 147 2895 
4683 1101 2596 2844 
4684 1080 1082 1689 
4685 964 966 1071 
4686 2681 1403 2880 
4687 759 761 762 
4688 498 500 2815 
4689 80 423 2901 
4690 2744 953 2840 
4691 2823 691 2825 
4692 1100 1436 1534 
4693 1302 1174 2846 
4694 1828 1827 2845 
4695 392 2099 3353 
4696 764 763 765 
4697 2840 1864 2951 
4698 759 757 760 
4699 2845 1827 2849 
4700 1726 1402 1798 
4701 2826 601 2827 
4702 2619 1197 2848 
4703 1827 1829 2849 
4704 2749 2384 2869 
4705 1702 1969 1970 
4706 1234 1031 2910 
4707 515 516 517 
4708 1082 1083 2839 
4709 2125 2002 2200 
4710 1230 1229 1235 
4711 1607 2353 2900 
4712 1229 1227 2293 
4713 725 2122 3215 
4714 2096 2097 2894 
4715 506 508 536 
4716 948 2779 2857 
4717 2414 2415 2850 
4718 1778 1233 1779 
4719 1487 1485 2852 
4720 2125 1766 3033 
4721 1975 337 3254 
4722 765 768 2787 
4723 762 763 764 
4724 764 2787 2788 
4725 1230 1236 1295 
4726 968 1046 1047 
4727 749 751 810 
4728 2983 1882 3134 
4729 2126 1769 2887 
4730 1086 1449 2839 
4731 1742 2786 2854 
4732 2947 2231 3183 
4733 2786 1457 2854 
4734 359 2173 3064 
4735 1692 2744 2840 
4736 1036 1042 1443 
4737 968 969 1046 
4738 2486 2485 3039 
4739 2807 691 2822 
4740 2370 1532 2930 
4741 762 761 763 
4742 759 760 761 
4743 2749 817 2853 
4744 1689 1082 1706 
4745 1295 1296 1773 
4746 1246 1064 1247 
4747 2869 2384 2877 
4748 755 757 758 
4749 762 959 2841 
4750 500 523 2815 
4751 994 1044 1297 
4752 66 404 2856 
4753 1027 1024 1402 
4754 2810 680 2829 
4755 2162 3292 3348 
4756 1047 1046 1276 
4757 1228 1227 1229 
4758 1083 1086 2839 
4759 515 514 516 
4760 1230 1235 1236 
4761 1773 1296 1830 
4762 1080 1043 1081 
4763 1101 2844 2845 
4764 2812 2451 2836 
4765 1971 1026 2221 
4766 2089 1925 3229 
4767 2570 2569 2923 
4768 2138 2130 3446 
4769 1695 2833 2835 
4770 1850 2805 2872 
4771 1847 2777 2881 
4772 1706 1082 2839 
4773 3292 772 3348 
4774 2828 2396 2842 
4775 1492 2834 2838 
4776 2001 2000 2002 
4777 742 744 746 
4778 1441 2311 2312 
4779 1631 1633 1783 
4780 1462 1390 1463 
4781 719 718 720 
4782 3034 1909 3260 
4783 1792 2285 2857 
4784 1974 1742 2854 
4785 1295 1236 1296 
4786 761 962 2805 
4787 775 777 2859 
4788 429 2534 2919 
4789 2462 2823 2825 
4790 1080 1081 1082 
4791 513 514 515 
4792 1908 2178 3097 
4793 2467 2826 2827 
4794 2877 1858 2884 
4795 1042 1037 1043 
4796 1049 2070 3071 
4797 2768 1884 2867 
4798 2917 1216 2920 
4799 766 763 2805 
4800 2848 2414 2850 
4801 1929 2135 3422 
4802 983 943 2917 
4803 95 96 2865 
4804 1661 1968 3380 
4805 1861 1730 1862 
4806 1972 1846 3139 
4807 1226 1225 1227 
4808 2779 1792 2857 
4809 1955 1944 3240 
4810 829 820 2869 
4811 763 761 2805 
4812 638 499 2851 
4813 513 512 514 
4814 1228 1229 1230 
4815 1712 1729 2931 
4816 500 502 523 
4817 2167 2169 2170 
4818 2100 407 3421 
4819 758 757 759 
4820 2531 2530 2933 
4821 1162 946 1730 
4822 755 756 757 
4823 495 496 510 
4824 1032 1034 1320 
4825 529 527 2907 
4826 1834 2927 2954 
4827 755 752 756 
4828 1800 1402 2896 
4829 1222 1220 1223 
4830 2879 1366 2905 
4831 1042 1043 1080 
4832 511 512 513 
4833 1845 1844 1960 
4834 2384 2383 2877 
4835 399 198 2927 
4836 1224 1223 1225 
4837 2732 1706 3020 
4838 962 964 2872 
4839 1864 1863 2997 
4840 2363 1837 2905 
4841 507 505 650 
4842 1617 3194 3396 
4843 501 499 638 
4844 2240 2031 3389 
4845 1818 2373 2969 
4846 2528 1786 3187 
4847 511 509 512 
4848 1684 2681 2880 
4849 969 994 2847 
4850 2162 2204 2205 
4851 1420 1418 2883 
4852 1717 1371 1724 
4853 2577 2576 3406 
4854 1851 2917 2920 
4855 2229 1779 3085 
4856 2113 865 3418 
4857 1059 1238 1538 
4858 687 677 688 
4859 1385 1186 2950 
4860 866 865 867 
4861 1226 1227 1228 
4862 2859 819 2881 
4863 199 200 2954 
4864 2167 1636 2169 
4865 848 849 850 
4866 2511 2852 3028 
4867 964 1071 2872 
4868 2291 2350 3415 
4869 1180 1178 2955 
4870 2761 1366 2879 
4871 139 140 2888 
4872 1036 1035 1037 
4873 719 720 721 
4874 2135 414 3422 
4875 1411 1252 1710 
4876 1181 1461 2955 
4877 1927 1926 3245 
4878 2715 911 2884 
4879 2039 2041 2044 
4880 1046 969 2847 
4881 1847 2881 2922 
4882 2153 2152 3094 
4883 2281 2279 2912 
4884 2997 1863 3005 
4885 1036 1037 1042 
4886 719 721 2978 
4887 865 3101 3418 
4888 2279 2277 2912 
4889 2170 2169 2171 
4890 508 509 511 
4891 456 2230 2947 
4892 355 2133 3090 
4893 471 3038 3237 
4894 1224 1225 1226 
4895 1475 1477 1478 
4896 2363 2905 2920 
4897 2805 962 2872 
4898 1224 1226 1273 
4899 1382 1201 2958 
4900 1775 2985 3040 
4901 748 745 772 
4902 1799 2008 2020 
4903 754 752 755 
4904 1851 1718 2929 
4905 83 84 2964 
4906 2967 2056 3404 
4907 2777 1826 2881 
4908 736 735 737 
4909 1237 2715 2893 
4910 2935 3008 3032 
4911 2498 2499 2966 
4912 2715 2884 2893 
4913 112 113 3325 
4914 1034 1033 1035 
4915 1374 1375 1376 
4916 2851 497 3023 
4917 2881 819 2922 
4918 1826 2859 2881 
4919 2718 1814 2950 
4920 147 148 2895 
4921 1918 3005 3011 
4922 2053 1986 3129 
4923 2935 2330 3008 
4924 2136 1816 2969 
4925 751 752 754 
4926 2748 2761 2879 
4927 994 1297 2847 
4928 460 74 2984 
4929 1071 966 2860 
4930 968 1047 2860 
4931 1538 1748 1940 
4932 2055 1862 2090 
4933 2178 1277 3092 
4934 966 968 2860 
4935 2523 2522 3217 
4936 2696 2748 2879 
4937 1726 1798 1799 
4938 508 507 509 
4939 1534 1535 1536 
4940 75 406 2984 
4941 127 128 2965 
4942 860 861 862 
4943 344 236 2976 
4944 237 427 2976 
4945 2353 2355 2900 
4946 1360 1361 1362 
4947 1029 1030 1233 
4948 1222 1223 1224 
4949 2790 1714 2903 
4950 2162 2158 2204 
4951 1034 1035 1036 
4952 79 80 2901 
4953 1025 1028 1029 
4954 1334 1333 1399 
4955 449 3189 3286 
4956 911 2877 2884 
4957 2137 1860 3207 
4958 3147 2595 3243 
4959 840 838 2187 
4960 1536 1537 1558 
4961 506 507 508 
4962 850 851 852 
4963 751 750 752 
4964 2670 1847 2922 
4965 1779 1780 1942 
4966 749 750 751 
4967 1360 1438 3030 
4968 852 853 854 
4969 1538 1940 1941 
4970 1176 1180 2973 
4971 408 2303 3227 
4972 2055 1448 3191 
4973 749 748 750 
4974 1366 2738 2905 
4975 747 748 749 
4976 880 881 882 
4977 1027 1402 1726 
4978 2489 2488 3010 
4979 1867 1921 1922 
4980 1400 1399 1760 
4981 1282 2790 2903 
4982 407 2299 3226 
4983 1286 1442 1839 
4984 856 857 858 
4985 72 73 2990 
4986 1320 2890 2971 
4987 506 505 507 
4988 1221 1222 1371 
4989 882 884 885 
4990 1032 1031 1033 
4991 1032 1033 1034 
4992 2107 389 2986 
4993 2936 1778 2979 
4994 1216 2363 2920 
4995 857 2785 3137 
4996 1061 1054 1062 
4997 1456 1317 1904 
4998 78 384 2995 
4999 1036 1443 2890 
5000 1723 1503 2989 
5001 1501 1781 2989 
5002 1362 1363 1389 
5003 754 755 2886 
5004 821 723 3215 
5005 755 758 2886 
5006 2550 349 3046 
5007 2180 2193 3390 
5008 1030 1028 1031 
5009 1015 3361 3374 
5010 421 2484 3010 
5011 2237 1852 3273 
5012 504 505 506 
5013 1739 1738 2919 
5014 741 739 975 
5015 1762 2122 3277 
5016 1001 1285 1286 
5017 302 395 3014 
5018 1764 1939 2991 
5019 2554 1869 3201 
5020 416 2253 3171 
5021 1942 1780 1943 
5022 527 647 2907 
5023 1013 1220 1221 
5024 1799 2020 2021 
5025 349 258 2998 
5026 259 440 2998 
5027 2898 2897 3290 
5028 1889 1777 1890 
5029 2277 2402 2912 
5030 303 304 3007 
5031 2285 1850 2906 
5032 747 745 748 
5033 1724 1371 1758 
5034 1221 1220 1222 
5035 3266 112 3325 
5036 1718 1736 2929 
5037 1244 1248 1251 
5038 1530 1531 1545 
5039 1779 1233 1780 
5040 2905 2738 2920 
5041 2670 2922 2951 
5042 1961 2688 2991 
5043 1013 1012 1219 
5044 1574 1539 2229 
5045 1320 1034 2890 
5046 943 1216 2917 
5047 2080 2079 3306 
5048 207 208 3001 
5049 1831 1986 2053 
5050 504 503 505 
5051 1635 1638 1640 
5052 2547 429 2919 
5053 2156 1045 2928 
5054 1683 1444 3012 
5055 1918 1406 3005 
5056 2929 1736 2968 
5057 982 719 2978 
5058 1922 1923 1924 
5059 885 886 890 
5060 2863 1866 2864 
5061 1397 1450 3011 
5062 1376 1377 1378 
5063 2956 2035 3089 
5064 1790 2239 2934 
5065 100 391 3103 
5066 1877 1791 1878 
5067 1287 1002 1288 
5068 419 2184 3093 
5069 502 503 504 
5070 1762 1710 2027 
5071 1297 1044 2892 
5072 2001 2002 2125 
5073 862 863 864 
5074 891 987 3018 
5075 1860 2137 3341 
5076 2251 1898 2252 
5077 1030 1031 1032 
5078 2331 2330 2935 
5079 1783 1633 2993 
5080 689 688 695 
5081 2045 350 3356 
5082 2573 3163 3425 
5083 1029 1028 1030 
5084 2569 351 2923 
5085 889 878 892 
5086 198 199 2927 
5087 903 902 1012 
5088 2203 1933 3159 
5089 1558 1559 1560 
5090 420 2331 2935 
5091 2703 3001 3400 
5092 458 2186 3175 
5093 1862 2202 3216 
5094 1458 2191 2192 
5095 983 2917 2929 
5096 1013 1219 1220 
5097 1924 2000 2001 
5098 1909 1428 1985 
5099 819 1692 2922 
5100 3104 1760 3233 
5101 854 853 2785 
5102 2738 1851 2920 
5103 2565 428 3021 
5104 1767 1712 2931 
5105 1022 1023 1026 
5106 1447 1446 1539 
5107 1044 1059 2892 
5108 744 745 747 
5109 25 2 2870 
5110 2519 363 3025 
5111 502 501 503 
5112 2254 353 3417 
5113 3033 2102 3128 
5114 2078 1760 3104 
5115 2535 2531 2933 
5116 901 903 1050 
5117 489 488 490 
5118 3335 2070 3343 
5119 1526 1527 1528 
5120 2708 2968 2970 
5121 1708 1791 1877 
5122 368 175 3029 
5123 2425 420 2935 
5124 500 501 502 
5125 1346 2867 3055 
5126 2485 2487 3039 
5127 868 867 869 
5128 1865 1866 1867 
5129 452 2128 3173 
5130 1289 1288 1446 
5131 702 703 704 
5132 2334 3017 3299 
5133 2117 1639 2165 
5134 1034 1036 2890 
5135 498 2815 2962 
5136 983 2929 2968 
5137 1483 1734 3028 
5138 1412 1838 3058 
5139 675 1021 1022 
5140 975 739 2987 
5141 375 2558 3039 
5142 2708 983 2968 
5143 1891 1890 2070 
5144 2922 1692 2951 
5145 2917 1851 2929 
5146 2509 397 3035 
5147 1461 1896 3027 
5148 1876 2030 3157 
5149 1749 2107 3405 
5150 2550 3046 3055 
5151 1259 1374 3004 
5152 810 751 2980 
5153 1186 2718 2950 
5154 2175 2145 3355 
5155 469 1937 2913 
5156 500 499 501 
5157 2235 1242 2916 
5158 2008 1798 3067 
5159 1222 1224 2889 
5160 1283 2708 2970 
5161 1025 1024 1027 
5162 434 138 3045 
5163 823 1430 2885 
5164 3035 397 3380 
5165 1025 1027 1028 
5166 2109 311 3347 
5167 1371 1222 2889 
5168 1532 2780 2930 
5169 444 2564 3213 
5170 48 4 2871 
5171 1059 1538 2892 
5172 710 711 712 
5173 2111 2317 3087 
5174 1032 1320 2911 
5175 903 1012 1013 
5176 823 1429 1430 
5177 1983 1984 3049 
5178 675 672 1020 
5179 1416 1782 3050 
5180 176 2800 3029 
5181 744 743 745 
5182 1200 2612 3049 
5183 415 99 3103 
5184 498 499 500 
5185 200 379 2954 
5186 2330 2328 3008 
5187 335 2127 3102 
5188 2542 2544 3230 
5189 742 743 744 
5190 2134 414 3267 
5191 1224 1273 2889 
5192 1901 2491 3210 
5193 2178 1752 3074 
5194 987 1061 3018 
5195 1023 1021 1024 
5196 2855 1541 3371 
5197 2328 2674 3008 
5198 1967 1784 3056 
5199 1985 1428 3044 
5200 901 900 902 
5201 1178 1181 2955 
5202 2129 412 3002 
5203 2241 2208 2977 
5204 1711 1213 3055 
5205 740 741 742 
5206 2745 875 3036 
5207 474 472 990 
5208 1279 1835 3407 
5209 742 741 743 
5210 390 127 2965 
5211 2182 2180 3390 
5212 1758 1371 2889 
5213 2852 1485 3028 
5214 1692 2840 2951 
5215 673 672 675 
5216 2260 2259 3160 
5217 737 739 740 
5218 470 473 3038 
5219 479 2071 3383 
5220 2158 2156 2928 
5221 2228 3169 3314 
5222 1378 1379 1380 
5223 1994 2902 3222 
5224 1201 1283 2958 
5225 503 3105 3131 
5226 740 739 741 
5227 2247 1853 3231 
5228 1892 1258 1893 
5229 3021 428 3370 
5230 1522 1733 2818 
5231 1538 1941 2892 
5232 2568 2567 3060 
5233 1846 2926 3139 
5234 1023 1024 1025 
5235 2026 1970 3014 
5236 347 250 3073 
5237 251 444 3073 
5238 671 672 673 
5239 339 2513 3070 
5240 1430 1431 1432 
5241 372 2083 3430 
5242 2083 430 3430 
5243 498 497 499 
5244 2139 2138 2971 
5245 433 2555 3076 
5246 1965 1966 3358 
5247 844 843 904 
5248 1447 1539 1574 
5249 1233 1030 2911 
5250 1574 2229 3085 
5251 901 902 903 
5252 2123 1438 3331 
5253 2090 753 3166 
5254 2478 2480 3020 
5255 2110 451 3136 
5256 677 676 2201 
5257 2867 2550 3055 
5258 864 865 866 
5259 1732 2725 3076 
5260 1816 1818 2969 
5261 495 494 496 
5262 28 27 330 
5263 51 50 329 
5264 367 83 2964 
5265 2502 2498 2966 
5266 1730 946 3018 
5267 1986 1523 3134 
5268 2312 2311 2957 
5269 669 670 671 
5270 1022 1021 1023 
5271 2352 2351 3006 
5272 2968 1907 2970 
5273 1907 1991 2970 
5274 906 3054 3080 
5275 1736 1907 2968 
5276 1780 1233 2911 
5277 2637 945 2973 
5278 359 2231 3276 
5279 109 110 3211 
5280 1710 1252 3030 
5281 2776 832 3041 
5282 2909 3059 3195 
5283 877 888 908 
5284 945 1176 2973 
5285 2296 2297 3108 
5286 1432 1433 1897 
5287 1921 2863 3307 
5288 2270 2271 3142 
5289 214 385 3091 
5290 493 492 494 
5291 27 26 2924 
5292 50 49 2925 
5293 496 497 498 
5294 1289 1446 1447 
5295 2204 2158 2928 
5296 2060 2059 3426 
5297 1541 2776 3371 
5298 1025 1029 2936 
5299 899 898 900 
5300 2373 2637 2973 
5301 897 896 898 
5302 1560 1561 1562 
5303 321 419 3093 
5304 341 320 3093 
5305 139 2888 3045 
5306 404 67 3086 
5307 476 474 2862 
5308 26 25 452 
5309 49 48 453 
5310 491 490 492 
5311 68 450 3086 
5312 236 237 2976 
5313 733 734 735 
5314 1027 1726 2910 
5315 1388 1843 3088 
5316 2883 1418 3050 
5317 2220 2590 3095 
5318 2951 1864 2997 
5319 675 1022 2904 
5320 659 510 1294 
5321 1030 1032 2911 
5322 2677 2340 3235 
5323 31 30 402 
5324 54 53 403 
5325 890 891 946 
5326 1633 1635 2993 
5327 1031 1028 2910 
5328 1242 1244 2916 
5329 1519 1520 1932 
5330 1389 1390 1462 
5331 734 732 814 
5332 87 88 3102 
5333 1737 1934 2882 
5334 2873 402 3423 
5335 63 378 3096 
5336 434 3045 3144 
5337 737 735 739 
5338 1745 1265 3088 
5339 895 894 896 
5340 1162 1730 1861 
5341 59 60 3107 
5342 2568 3060 3161 
5343 2491 1901 3298 
5344 893 892 894 
5345 2202 1061 3170 
5346 1287 1288 1289 
5347 2564 2723 3213 
5348 1380 1381 1722 
5349 1343 1344 1519 
5350 870 869 871 
5351 2342 2304 3174 
5352 905 904 1003 
5353 2046 1927 3333 
5354 1648 2566 3439 
5355 671 670 672 
5356 2541 2958 2959 
5357 2491 342 3113 
5358 2536 2537 3113 
5359 1286 1285 1442 
5360 1747 814 1930 
5361 908 978 979 
5362 2974 1897 3138 
5363 3005 1863 3011 
5364 899 900 901 
5365 53 52 2952 
5366 58 59 3114 
5367 1256 1258 1892 
5368 19 18 2938 
5369 45 44 457 
5370 22 21 458 
5371 42 41 355 
5372 15 14 359 
5373 18 17 454 
5374 34 33 2940 
5375 40 39 455 
5376 47 46 356 
5377 37 36 354 
5378 20 19 358 
5379 10 9 360 
5380 24 23 361 
5381 46 45 2942 
5382 33 32 357 
5383 21 20 2943 
5384 36 35 2948 
5385 12 11 456 
5386 35 34 459 
5387 1889 1891 3177 
5388 1733 1523 1831 
5389 74 75 2984 
5390 1004 1003 1096 
5391 2784 62 3096 
5392 897 899 991 
5393 1963 1773 3069 
5394 696 695 831 
5395 1028 1027 2910 
5396 1861 1862 2055 
5397 1325 3378 3399 
5398 1984 2083 3339 
5399 675 1020 1021 
5400 2195 1246 2996 
5401 2860 1744 2999 
5402 13 12 2947 
5403 2100 1855 3119 
5404 1244 1251 2916 
5405 38 37 2941 
5406 947 1163 1343 
5407 2070 1049 3343 
5408 731 732 733 
5409 751 754 2980 
5410 2045 2545 3376 
5411 733 732 734 
5412 1 54 2876 
5413 2964 84 3291 
5414 2221 1026 2979 
5415 647 525 3115 
5416 1562 1563 1564 
5417 2893 2069 3017 
5418 446 2865 3218 
5419 2513 2510 3130 
5420 2919 1738 3065 
5421 858 857 2921 
5422 52 51 2918 
5423 1564 1565 1787 
5424 1026 1023 2936 
5425 1702 2026 3092 
5426 1838 2906 2999 
5427 1289 1447 1479 
5428 1617 2272 3194 
5429 1503 1501 2989 
5430 2788 2264 3275 
5431 39 38 2939 
5432 522 958 3115 
5433 1755 1612 3116 
5434 73 460 2990 
5435 1327 1328 1329 
5436 2 24 2945 
5437 1545 1946 2988 
5438 2176 1458 3048 
5439 2254 3052 3171 
5440 958 2181 3115 
5441 2480 352 3020 
5442 1097 1096 1321 
5443 2670 2951 2997 
5444 2918 1966 2952 
5445 1013 1221 2953 
5446 1234 2910 3009 
5447 721 722 723 
5448 510 496 2962 
5449 2871 1972 3139 
5450 897 898 899 
5451 2688 1764 2991 
5452 3251 2271 3375 
5453 3006 2351 3100 
5454 2539 343 3140 
5455 2547 2919 3065 
5456 44 43 2937 
5457 673 675 2904 
5458 1277 1276 3092 
5459 2489 3116 3223 
5460 3202 3089 3309 
5461 831 695 832 
5462 77 78 2995 
5463 2218 1127 3279 
5464 2196 2195 3349 
5465 1614 1833 3116 
5466 496 494 497 
5467 509 507 3051 
5468 723 724 725 
5469 1733 1831 1832 
5470 258 259 2998 
5471 2911 1320 3015 
5472 2504 2505 3147 
5473 1001 832 1002 
5474 3128 382 3192 
5475 676 673 2904 
5476 2191 846 3098 
5477 2595 1900 3243 
5478 2252 2062 3357 
5479 2503 370 3150 
5480 2562 449 3286 
5481 1272 2670 2997 
5482 1285 1002 1287 
5483 2703 207 3001 
5484 1780 2911 3015 
5485 1799 2021 3009 
5486 895 896 897 
5487 1843 2561 3205 
5488 2972 2014 3365 
5489 866 867 868 
5490 1127 2218 3345 
5491 2549 2550 3155 
5492 3 31 2873 
5493 1023 1025 2936 
5494 1272 2997 3005 
5495 979 1063 1064 
5496 2085 372 3172 
5497 2264 1743 3239 
5498 1050 903 2953 
5499 1522 1521 1523 
5500 352 2732 3020 
5501 706 704 2885 
5502 1062 1252 1411 
5503 395 303 3007 
5504 2133 355 3146 
5505 472 469 2913 
5506 304 305 3167 
5507 730 728 992 
5508 2880 1403 3185 
5509 2865 1974 3218 
5510 488 487 656 
5511 868 869 870 
5512 2217 1741 3209 
5513 1254 1770 1771 
5514 2336 2335 3174 
5515 1406 1272 3005 
5516 2706 1683 3161 
5517 729 730 731 
5518 1237 2893 3017 
5519 2674 1398 3008 
5520 2897 1020 3003 
5521 672 670 3003 
5522 2488 421 3010 
5523 1863 1397 3011 
5524 1878 1880 1936 
5525 1520 1344 1521 
5526 1444 1761 3012 
5527 492 490 1260 
5528 2067 2217 3360 
5529 734 814 1747 
5530 888 878 889 
5531 747 749 3152 
5532 372 159 3172 
5533 160 443 3172 
5534 1877 1878 2960 
5535 1252 1253 3030 
5536 1264 2238 3238 
5537 1766 3002 3033 
5538 725 726 727 
5539 1839 1442 1871 
5540 702 700 703 
5541 2757 2100 3421 
5542 872 871 876 
5543 731 730 732 
5544 413 2103 3278 
5545 1251 1248 2975 
5546 2299 3119 3336 
5547 301 302 3014 
5548 710 708 711 
5549 893 894 895 
5550 1522 1523 1733 
5551 903 1013 2953 
5552 1920 1768 3142 
5553 1294 510 2962 
5554 1968 3035 3380 
5555 2273 2278 3194 
5556 409 212 3184 
5557 727 728 729 
5558 1867 1922 1925 
5559 1322 1321 1410 
5560 1344 1163 2983 
5561 1411 1710 1762 
5562 1374 1540 3004 
5563 1470 1469 1471 
5564 1771 1916 2034 
5565 831 832 1001 
5566 1871 1442 2063 
5567 1874 1873 1875 
5568 486 487 488 
5569 2521 2523 3437 
5570 889 892 893 
5571 2055 2090 2091 
5572 721 720 722 
5573 2320 2319 3206 
5574 414 129 3267 
5575 877 875 878 
5576 1766 1724 3002 
5577 98 415 3254 
5578 1255 2767 3111 
5579 1725 1365 3178 
5580 1940 1748 3083 
5581 1026 2936 2979 
5582 1746 2932 3126 
5583 1926 3234 3245 
5584 1020 672 3003 
5585 1448 1882 3191 
5586 1635 1640 2993 
5587 448 2570 3205 
5588 3194 2183 3396 
5589 1258 1259 3004 
5590 2035 2318 3089 
5591 1682 1895 3187 
5592 987 1054 1061 
5593 2099 392 3299 
5594 1254 1063 1284 
5595 669 664 670 
5596 2561 2560 3205 
5597 1786 2709 3187 
5598 2550 2867 3155 
5599 1001 1002 1285 
5600 1642 2486 3409 
5601 729 728 730 
5602 1958 3021 3370 
5603 3282 2034 3325 
5604 1073 1074 3178 
5605 859 858 860 
5606 1656 1661 3201 
5607 1869 1658 3201 
5608 2566 2565 3021 
5609 1248 1256 2975 
5610 1386 1841 2054 
5611 1519 1344 1520 
5612 1964 822 3104 
5613 2686 2211 3185 
5614 484 481 2967 
5615 2705 2486 3330 
5616 1912 1756 3296 
5617 191 6 3317 
5618 328 8 3318 
5619 7 209 3319 
5620 725 724 726 
5621 1463 1465 1746 
5622 855 854 856 
5623 2213 2880 3185 
5624 901 1050 2992 
5625 2723 1870 3213 
5626 1781 1499 3210 
5627 1497 1901 3210 
5628 2262 406 3287 
5629 1726 1799 3009 
5630 6 192 3317 
5631 8 55 3318 
5632 208 7 3319 
5633 2520 2519 3025 
5634 1770 1284 1865 
5635 3031 3285 3307 
5636 731 733 3338 
5637 2337 2066 3253 
5638 650 505 3131 
5639 808 2198 3154 
5640 723 722 724 
5641 2297 2299 3336 
5642 496 498 2962 
5643 908 888 978 
5644 1327 1324 1328 
5645 483 485 486 
5646 714 712 815 
5647 727 726 728 
5648 86 87 3225 
5649 1430 1429 1431 
5650 1734 1481 3220 
5651 3098 1014 3274 
5652 1485 1483 3028 
5653 175 176 3029 
5654 1098 1270 1317 
5655 2878 456 3149 
5656 859 887 988 
5657 2910 1726 3009 
5658 988 989 1098 
5659 2087 2502 3323 
5660 1952 2388 3236 
5661 16 15 3064 
5662 1817 2136 3027 
5663 1777 1437 3063 
5664 1071 2860 2999 
5665 506 536 3190 
5666 1727 1349 3246 
5667 1398 2660 3032 
5668 2971 2890 3162 
5669 947 946 1162 
5670 873 2909 3195 
5671 455 2902 3121 
5672 2298 462 3317 
5673 353 300 3268 
5674 2065 3000 3153 
5675 2408 2699 3224 
5676 1520 1521 1522 
5677 337 97 3254 
5678 2010 1902 3253 
5679 2906 1071 2999 
5680 2302 461 3318 
5681 739 735 2987 
5682 3028 1734 3130 
5683 1343 1163 1344 
5684 1949 1757 3136 
5685 2783 364 3437 
5686 704 703 823 
5687 1943 1780 3015 
5688 2031 3040 3389 
5689 1228 2809 3169 
5690 379 201 3235 
5691 130 376 3267 
5692 385 2380 3410 
5693 202 2677 3235 
5694 1939 2964 3291 
5695 893 895 909 
5696 2508 2509 3035 
5697 1433 1431 1434 
5698 151 431 3250 
5699 174 368 3251 
5700 424 173 3251 
5701 1756 2662 3230 
5702 2487 375 3039 
5703 1871 2063 2064 
5704 1737 1434 1914 
5705 2908 887 3059 
5706 2562 3286 3367 
5707 1919 2532 3375 
5708 486 485 487 
5709 310 311 3263 
5710 487 485 830 
5711 870 871 872 
5712 1374 1376 1540 
5713 1868 1981 3257 
5714 1270 989 1299 
5715 509 3051 3440 
5716 1798 1800 3067 
5717 1432 1431 1433 
5718 863 906 3101 
5719 406 76 3287 
5720 3243 1900 3329 
5721 1247 1064 2956 
5722 2252 1898 2974 
5723 890 946 947 
5724 2556 341 3270 
5725 2495 2494 3244 
5726 1127 1113 3279 
5727 1111 1200 3279 
5728 481 482 483 
5729 149 150 3281 
5730 2752 2482 3434 
5731 688 677 2201 
5732 823 703 1428 
5733 3008 1398 3032 
5734 138 139 3045 
5735 2125 3033 3128 
5736 1852 1545 2078 
5737 1746 3066 3203 
5738 374 2528 3288 
5739 2591 1127 3345 
5740 1522 2818 3019 
5741 880 882 883 
5742 85 394 3291 
5743 523 502 3151 
5744 1405 1979 3427 
5745 1706 2839 3158 
5746 979 978 1063 
5747 735 734 2987 
5748 877 878 888 
5749 491 493 3411 
5750 338 2551 3296 
5751 1748 2235 3188 
5752 65 2856 3392 
5753 1256 1892 2975 
5754 413 3278 3446 
5755 2224 1758 3148 
5756 2524 2521 3437 
5757 2553 2554 3297 
5758 2518 445 3298 
5759 2490 2491 3298 
5760 2151 334 3083 
5761 503 501 3105 
5762 2278 647 3269 
5763 1329 1330 1331 
5764 2152 2154 3094 
5765 447 2571 3320 
5766 2612 1983 3049 
5767 1418 1416 3050 
5768 1142 2592 3311 
5769 1844 1075 3402 
5770 874 872 875 
5771 874 875 877 
5772 1429 1428 1909 
5773 2029 2707 3283 
5774 726 724 808 
5775 2561 1843 3312 
5776 1386 1299 1840 
5777 1573 2617 3316 
5778 750 2866 3300 
5779 1830 2217 3209 
5780 460 2984 3257 
5781 947 1162 1163 
5782 1525 1478 1526 
5783 1887 1383 3305 
5784 2567 362 3060 
5785 870 872 874 
5786 323 392 3353 
5787 1893 1258 3004 
5788 1737 2882 3043 
5789 1929 2755 3377 
5790 419 322 3353 
5791 1958 2654 3439 
5792 158 372 3430 
5793 430 157 3430 
5794 2077 3321 3399 
5795 1064 1063 1254 
5796 481 483 2967 
5797 1320 2971 3015 
5798 443 2502 3354 
5799 2626 2127 3425 
5800 848 850 1014 
5801 1411 1762 1763 
5802 1213 1346 3055 
5803 1784 1786 3056 
5804 831 1001 3198 
5805 483 482 485 
5806 2545 261 3376 
5807 2080 3145 3369 
5808 262 350 3376 
5809 2563 348 3372 
5810 1750 1412 3058 
5811 2867 1884 3155 
5812 1919 1533 3385 
5813 1901 1495 3387 
5814 1254 1284 1770 
5815 2931 1729 3060 
5816 2988 1946 3289 
5817 2086 2087 3345 
5818 852 854 855 
5819 3123 1722 3247 
5820 1738 1836 3065 
5821 1904 1317 1905 
5822 1380 1722 1749 
5823 1400 1760 2988 
5824 1437 1099 3063 
5825 2292 2980 3337 
5826 1980 1453 2037 
5827 1906 1719 3326 
5828 856 858 859 
5829 2747 1297 3052 
5830 5 72 3324 
5831 378 64 3392 
5832 1981 1952 3350 
5833 1521 1344 2983 
5834 1449 2771 3256 
5835 407 195 3421 
5836 1408 1198 3429 
5837 2116 2118 3079 
5838 32 3 2944 
5839 2856 2010 3392 
5840 2577 1886 3165 
5841 3105 2168 3131 
5842 1750 3058 3074 
5843 1724 1758 3037 
5844 1878 1936 2960 
5845 1771 1770 1916 
5846 2705 1602 3409 
5847 823 1428 1429 
5848 71 5 3324 
5849 1471 1473 1476 
5850 1433 1434 1737 
5851 1737 1914 1934 
5852 330 27 2924 
5853 329 50 2925 
5854 43 42 3090 
5855 1881 1928 3272 
5856 196 2757 3421 
5857 370 2547 3065 
5858 481 478 482 
5859 711 2251 3368 
5860 2083 2084 3339 
5861 3311 2592 3395 
5862 1529 1528 1530 
5863 2523 2783 3437 
5864 1273 1226 3169 
5865 1536 1558 1910 
5866 1604 1642 3409 
5867 3086 450 3236 
5868 734 1747 2987 
5869 971 512 3440 
5870 2217 1296 3360 
5871 474 990 2862 
5872 1360 1362 1438 
5873 899 901 2992 
5874 3014 1970 3268 
5875 3002 412 3033 
5876 1074 2802 3217 
5877 490 488 3022 
5878 1389 1462 1796 
5879 720 718 809 
5880 507 650 3051 
5881 1843 1817 3312 
5882 3012 1761 3125 
5883 1048 3082 3394 
5884 1467 1469 1470 
5885 26 452 2924 
5886 49 453 2925 
5887 704 823 2885 
5888 1260 490 3022 
5889 1254 1771 2956 
5890 3045 2409 3144 
5891 745 743 3262 
5892 2915 1977 3057 
5893 1643 2705 3313 
5894 2173 359 3276 
5895 488 656 3022 
5896 2425 2935 3032 
5897 2391 339 3070 
5898 2767 2818 3111 
5899 356 3328 3401 
5900 752 750 3300 
5901 868 870 3024 
5902 3060 1729 3161 
5903 2903 1714 3410 
5904 250 251 3073 
5905 991 899 2992 
5906 860 862 3059 
5907 864 866 873 
5908 2006 2004 3378 
5909 2054 1841 2891 
5910 2109 1990 3263 
5911 1752 1750 3074 
5912 2127 1962 3102 
5913 2555 2556 3076 
5914 1890 1777 2132 
5915 2075 3016 3145 
5916 1640 1638 3164 
5917 1773 1830 3069 
5918 1274 484 2967 
5919 3002 1724 3037 
5920 1897 3043 3138 
5921 946 891 3018 
5922 859 860 887 
5923 1237 3017 3429 
5924 814 732 3016 
5925 1098 989 1270 
5926 2977 2135 3377 
5927 988 887 989 
5928 51 329 2918 
5929 2233 2052 3438 
5930 1566 2875 3284 
5931 57 408 3227 
5932 3081 2057 3082 
5933 403 53 2952 
5934 2380 2903 3410 
5935 336 2577 3165 
5936 1821 1834 3293 
5937 194 407 3226 
5938 2317 2341 3087 
5939 391 2227 3315 
5940 2624 722 3352 
5941 1932 1520 3019 
5942 1236 1275 3360 
5943 2313 2957 3275 
5944 3438 971 3440 
5945 2854 1457 3406 
5946 855 856 2981 
5947 947 1343 3042 
5948 1399 1333 1407 
5949 2044 2041 3343 
5950 3057 1980 3423 
5951 2757 399 3231 
5952 1788 1873 1874 
5953 3032 2660 3135 
5954 3155 1884 3252 
5955 2425 3032 3135 
5956 2076 1015 3366 
5957 2350 2352 3152 
5958 990 472 2913 
5959 2016 2873 2875 
5960 3216 1763 3277 
5961 497 494 3023 
5962 1852 2078 2092 
5963 18 454 2938 
5964 358 19 2938 
5965 458 21 2943 
5966 45 457 2942 
5967 33 357 2940 
5968 354 36 2948 
5969 356 46 2942 
5970 20 358 2943 
5971 459 34 2940 
5972 35 459 2948 
5973 2192 3274 3416 
5974 2129 3002 3037 
5975 452 25 2870 
5976 2230 456 3442 
5977 1854 2757 3231 
5978 2818 1733 3111 
5979 1462 1463 3126 
5980 67 68 3086 
5981 843 840 2187 
5982 3203 3066 3365 
5983 1562 1564 1820 
5984 2898 3290 3397 
5985 1875 1876 3186 
5986 17 16 3112 
5987 12 456 2947 
5988 362 2931 3060 
5989 1297 2892 3052 
5990 37 354 2941 
5991 3017 2069 3299 
5992 1270 1299 1386 
5993 1265 1388 3088 
5994 897 991 3031 
5995 52 2918 2952 
5996 2063 1442 3000 
5997 2078 1545 2988 
5998 1470 1471 2972 
5999 1285 1287 3000 
6000 1386 1840 1841 
6001 1834 2247 3444 
6002 3051 2234 3440 
6003 1322 1410 3026 
6004 2056 2057 3404 
6005 455 39 2939 
6006 659 1294 3061 
6007 24 361 2945 
6008 213 214 3091 
6009 3313 2705 3330 
6010 492 1260 3023 
6011 1475 1478 1525 
6012 1708 1877 3164 
6013 2559 434 3144 
6014 453 48 2871 
6015 1003 904 1048 
6016 457 44 2937 
6017 3081 1274 3404 
6018 1162 1861 2994 
6019 2042 2946 3259 
6020 320 321 3093 
6021 1321 1096 1325 
6022 2939 38 2941 
6023 1064 1254 2956 
6024 2132 1777 3063 
6025 3017 2336 3429 
6026 3193 2737 3393 
6027 2864 978 3176 
6028 62 63 3096 
6029 2996 1247 3202 
6030 2590 1772 3095 
6031 2139 2971 3162 
6032 1874 1885 1954 
6033 1247 2956 3089 
6034 3164 1877 3436 
6035 708 706 3013 
6036 1442 1285 3000 
6037 1914 1434 3200 
6038 2 2945 2946 
6039 343 2562 3367 
6040 2983 1163 2994 
6041 732 730 3016 
6042 1897 1433 3043 
6043 41 40 3121 
6044 1832 1831 3120 
6045 992 3154 3369 
6046 2963 1014 3047 
6047 88 335 3102 
6048 1276 1702 3092 
6049 729 731 3166 
6050 1900 1950 3329 
6051 2886 758 3346 
6052 417 2296 3108 
6053 15 359 3064 
6054 1530 1545 1852 
6055 1874 1875 1885 
6056 859 988 2981 
6057 2932 3203 3379 
6058 60 398 3107 
6059 3003 670 3061 
6060 737 740 3129 
6061 99 100 3103 
6062 3312 1896 3356 
6063 2984 2019 3257 
6064 832 695 3041 
6065 706 2885 3013 
6066 744 747 3351 
6067 2892 1941 3052 
6068 1458 2192 3048 
6069 478 476 3133 
6070 494 492 3023 
6071 3021 1958 3439 
6072 1905 3075 3237 
6073 1521 2983 3134 
6074 2571 336 3165 
6075 54 403 2876 
6076 695 688 3041 
6077 1358 1996 3265 
6078 730 992 3016 
6079 1757 2110 3136 
6080 2664 373 3408 
6081 2771 1342 3334 
6082 1386 2054 3075 
6083 1526 1528 1529 
6084 342 2536 3113 
6085 2167 2170 3196 
6086 1520 1522 3019 
6087 2260 2021 3294 
6088 2875 2873 3423 
6089 1329 1328 1330 
6090 2882 400 3123 
6091 2118 2851 3424 
6092 476 2862 3133 
6093 2511 3028 3130 
6094 909 2863 3255 
6095 2236 2074 3232 
6096 2074 2011 3261 
6097 895 897 3031 
6098 408 58 3114 
6099 301 3014 3268 
6100 2132 849 3382 
6101 1061 1062 3170 
6102 1330 1328 1860 
6103 2298 193 3226 
6104 872 876 3036 
6105 827 2932 3379 
6106 1855 2308 3119 
6107 525 522 3115 
6108 1275 2313 3239 
6109 1954 1885 2120 
6110 885 890 3042 
6111 2302 56 3227 
6112 1848 2737 3193 
6113 77 2995 3287 
6114 1163 1162 2994 
6115 696 831 3242 
6116 1612 1614 3116 
6117 1834 2954 3293 
6118 501 638 3105 
6119 3182 2048 3428 
6120 31 402 2873 
6121 3070 1734 3220 
6122 42 355 3090 
6123 1928 1727 3271 
6124 3132 2030 3182 
6125 2927 1834 3444 
6126 1381 2974 3138 
6127 9 1 3132 
6128 1880 2024 3078 
6129 875 872 3036 
6130 1839 3200 3260 
6131 1289 1479 3153 
6132 3025 1906 3326 
6133 2351 2868 3100 
6134 119 120 3127 
6135 1331 1330 1335 
6136 2785 1534 3137 
6137 2210 1848 3193 
6138 856 859 2981 
6139 311 312 3347 
6140 1761 2007 3125 
6141 454 17 3112 
6142 458 2943 2985 
6143 850 852 3047 
6144 2035 2034 3282 
6145 3362 1949 3400 
6146 1471 1476 2972 
6147 2937 43 3090 
6148 1936 1880 3078 
6149 711 708 3013 
6150 2510 2511 3130 
6151 992 728 3154 
6152 887 860 3059 
6153 401 3282 3325 
6154 416 3171 3363 
6155 2932 1746 3203 
6156 1964 3104 3233 
6157 3256 2771 3334 
6158 3078 2024 3340 
6159 3329 1950 3413 
6160 700 698 3044 
6161 11 10 3149 
6162 2426 2425 3135 
6163 1763 1762 3277 
6164 1758 2889 3148 
6165 355 41 3121 
6166 40 455 3121 
6167 1966 2918 3358 
6168 2660 1451 3135 
6169 1768 2270 3142 
6170 388 111 3214 
6171 2551 433 3304 
6172 1434 1431 3034 
6173 3334 1342 3434 
6174 1884 1883 3252 
6175 2075 3306 3433 
6176 870 874 3024 
6177 213 3091 3184 
6178 3154 2198 3369 
6179 1529 2236 3232 
6180 1324 1322 3026 
6181 1914 3301 3359 
6182 2161 2159 3348 
6183 849 847 3382 
6184 909 3031 3307 
6185 1400 2988 3289 
6186 401 2036 3282 
6187 110 388 3211 
6188 2980 754 3337 
6189 3274 2072 3416 
6190 1747 1930 3099 
6191 1892 1893 3109 
6192 2538 2539 3140 
6193 2815 2898 3397 
6194 451 2703 3136 
6195 3006 746 3351 
6196 1558 1560 3054 
6197 909 895 3031 
6198 3095 1772 3189 
6199 482 478 3133 
6200 1362 1389 3062 
6201 882 885 3110 
6202 1429 1909 3034 
6203 16 3064 3112 
6204 1944 1464 3441 
6205 357 32 2944 
6206 417 3108 3206 
6207 1428 703 3044 
6208 2001 2125 3128 
6209 688 2201 3041 
6210 10 360 3149 
6211 456 11 3149 
6212 3075 2054 3237 
6213 2318 2891 3309 
6214 2901 2210 3193 
6215 664 659 3061 
6216 2925 453 2926 
6217 354 2948 2949 
6218 810 2980 3415 
6219 670 664 3061 
6220 2079 1731 3306 
6221 431 3125 3250 
6222 1053 1279 3407 
6223 2187 3081 3143 
6224 2409 2408 3144 
6225 3198 1286 3260 
6226 2495 3244 3311 
6227 384 3193 3393 
6228 890 947 3042 
6229 846 848 3098 
6230 441 2504 3147 
6231 703 700 3044 
6232 2253 2254 3171 
6233 2494 2503 3150 
6234 1431 1429 3034 
6235 505 503 3131 
6236 1433 1737 3043 
6237 2014 2013 3379 
6238 1733 1832 3111 
6239 749 810 3152 
6240 1465 1467 3066 
6241 1831 2053 3120 
6242 22 458 3175 
6243 361 23 3175 
6244 2072 2071 3416 
6245 433 3076 3304 
6246 3248 1251 3386 
6247 2259 2283 3160 
6248 1473 1475 3068 
6249 436 2549 3155 
6250 1998 2343 3342 
6251 1952 3236 3350 
6252 883 882 3110 
6253 1729 2706 3161 
6254 3306 1731 3433 
6255 1991 2109 3156 
6256 975 2987 3124 
6257 1905 1317 3075 
6258 2141 2139 3162 
6259 359 14 3183 
6260 1985 3044 3242 
6261 1 2876 3157 
6262 2160 2161 3197 
6263 3011 1450 3163 
6264 13 2947 3183 
6265 876 880 3118 
6266 1317 1270 3075 
6267 3163 1450 3425 
6268 2247 3231 3444 
6269 738 737 3129 
6270 1836 2584 3244 
6271 3036 876 3118 
6272 2070 1890 3071 
6273 2168 2167 3196 
6274 1385 2325 3432 
6275 2122 753 3277 
6276 360 9 3132 
6277 2592 1250 3395 
6278 118 119 3180 
6279 2057 3081 3404 
6280 1928 3107 3272 
6281 1886 1917 3165 
6282 23 22 3175 
6283 1476 3068 3261 
6284 402 30 3212 
6285 3052 1941 3171 
6286 1746 1465 3066 
6287 1867 1925 3199 
6288 2128 1978 3173 
6289 1638 1708 3164 
6290 305 364 3167 
6291 2909 873 3349 
6292 2839 1449 3158 
6293 1376 1378 3117 
6294 2959 1991 3156 
6295 741 975 3258 
6296 2389 3086 3236 
6297 1523 1521 3134 
6298 159 160 3172 
6299 3252 1883 3332 
6300 502 504 3151 
6301 1950 2683 3413 
6302 2335 2342 3174 
6303 3000 1287 3153 
6304 2022 2023 3228 
6305 852 855 3047 
6306 285 286 3168 
6307 1014 850 3047 
6308 880 883 3118 
6309 3082 2006 3394 
6310 647 3115 3269 
6311 1540 1376 3117 
6312 414 2134 3422 
6313 2017 2173 3276 
6314 3135 1451 3221 
6315 2426 3135 3221 
6316 341 3093 3270 
6317 2142 2141 3391 
6318 2352 3006 3351 
6319 456 2878 3442 
6320 14 13 3183 
6321 857 3137 3443 
6322 714 815 3141 
6323 1840 2996 3202 
6324 1463 1746 3126 
6325 2962 2815 3397 
6326 3301 3302 3359 
6327 866 868 3077 
6328 1439 491 3411 
6329 1861 2055 3191 
6330 2914 330 3280 
6331 1438 1362 3062 
6332 1925 1922 3229 
6333 1226 1228 3169 
6334 1389 1796 3062 
6335 1328 1324 3026 
6336 1411 1763 3170 
6337 1722 1381 3138 
6338 1365 1073 3178 
6339 1001 1286 3198 
6340 1910 1558 3054 
6341 381 2153 3436 
6342 2890 1443 3162 
6343 746 3006 3120 
6344 1918 3011 3163 
6345 1747 3099 3124 
6346 1287 1289 3153 
6347 2266 2182 3390 
6348 2986 1540 3117 
6349 2222 1881 3272 
6350 848 1014 3098 
6351 2960 381 3436 
6352 2889 1273 3148 
6353 212 213 3184 
6354 3199 1925 3211 
6355 113 401 3325 
6356 1616 2266 3390 
6357 1476 1473 3068 
6358 1403 2686 3185 
6359 753 729 3166 
6360 3151 504 3190 
6361 1560 1562 3080 
6362 3328 1944 3441 
6363 2090 1862 3216 
6364 2709 1682 3187 
6365 441 3147 3243 
6366 2238 2746 3238 
6367 193 194 3226 
6368 3119 2308 3336 
6369 1075 986 3402 
6370 408 3114 3271 
6371 726 808 3154 
6372 2272 2273 3194 
6373 384 2901 3193 
6374 2960 1936 3127 
6375 1772 2583 3189 
6376 56 57 3227 
6377 2980 2290 3415 
6378 728 726 3154 
6379 1845 1960 3186 
6380 2007 1935 3408 
6381 379 2199 3293 
6382 3038 1905 3237 
6383 2477 2478 3256 
6384 978 888 3176 
6385 436 3155 3252 
6386 893 909 3255 
6387 2319 417 3206 
6388 2005 2006 3264 
6389 716 714 3141 
6390 2024 2022 3388 
6391 885 3042 3110 
6392 1096 1003 3084 
6393 1658 1656 3201 
6394 2866 2216 3300 
6395 712 711 3368 
6396 868 3024 3077 
6397 2560 448 3205 
6398 1467 1470 3066 
6399 30 29 3212 
6400 3099 2164 3124 
6401 2145 2146 3355 
6402 1916 1770 3181 
6403 2227 2228 3314 
6404 1323 1405 3427 
6405 3049 1984 3339 
6406 1890 2132 3071 
6407 392 2334 3299 
6408 1841 1840 3202 
6409 1270 1386 3075 
6410 1014 2963 3274 
6411 2957 959 3275 
6412 1342 2752 3434 
6413 1499 1497 3210 
6414 357 2944 2961 
6415 1534 1536 3137 
6416 504 506 3190 
6417 1870 2025 3213 
6418 1741 1973 3209 
6419 1331 1335 3106 
6420 2153 3164 3436 
6421 376 2489 3223 
6422 2184 1856 3270 
6423 1475 1525 3068 
6424 2091 2090 3166 
6425 2001 3128 3192 
6426 1536 1910 3137 
6427 2576 446 3218 
6428 738 3129 3364 
6429 650 3131 3196 
6430 3172 443 3354 
6431 3027 1896 3312 
6432 873 866 3077 
6433 1883 1995 3332 
6434 1562 1820 3080 
6435 2299 2298 3226 
6436 2427 2426 3221 
6437 2303 2302 3227 
6438 1481 1480 3220 
6439 2391 3220 3308 
6440 2871 4 3179 
6441 2162 2205 3292 
6442 1451 2633 3221 
6443 733 736 3338 
6444 2130 413 3446 
6445 1743 2067 3239 
6446 3089 2318 3309 
6447 3173 1978 3280 
6448 2321 2320 3432 
6449 394 86 3225 
6450 353 3268 3417 
6451 2916 1251 3248 
6452 3257 1981 3431 
6453 3127 1936 3180 
6454 2227 3314 3315 
6455 2699 1643 3224 
6456 888 889 3176 
6457 3051 650 3303 
6458 1264 3238 3344 
6459 2561 3312 3356 
6460 2802 1754 3217 
6461 1924 2001 3192 
6462 2987 1747 3124 
6463 1853 1854 3231 
6464 1833 2134 3223 
6465 743 741 3258 
6466 387 3078 3340 
6467 1333 1331 3106 
6468 1062 1411 3170 
6469 2662 1382 3230 
6470 1325 1096 3084 
6471 2558 2559 3313 
6472 864 873 3195 
6473 3059 862 3195 
6474 1725 2520 3326 
6475 3189 2583 3286 
6476 2902 1849 3146 
6477 3016 992 3145 
6478 3057 402 3212 
6479 1955 3240 3398 
6480 2388 2389 3236 
6481 201 202 3235 
6482 1286 1839 3260 
6483 3079 2118 3424 
6484 1860 1328 3026 
6485 1003 1048 3084 
6486 2978 2124 3241 
6487 1946 1948 3289 
6488 1526 1529 3232 
6489 2579 441 3243 
6490 1974 2854 3218 
6491 1349 1408 3246 
6492 862 864 3195 
6493 3044 698 3242 
6494 2149 3248 3386 
6495 47 356 3401 
6496 3129 1986 3364 
6497 150 151 3250 
6498 723 725 3215 
6499 1902 2337 3253 
6500 2566 3021 3439 
6501 173 174 3251 
6502 1865 1867 3199 
6503 2548 436 3252 
6504 97 98 3254 
6505 1770 1865 3181 
6506 329 2925 3122 
6507 3054 1560 3080 
6508 1923 1921 3307 
6509 2310 2292 3337 
6510 1407 1333 3106 
6511 2201 2855 3371 
6512 2382 2391 3308 
6513 2000 1923 3285 
6514 2019 1868 3257 
6515 722 720 3352 
6516 3220 1480 3308 
6517 1852 2092 3273 
6518 405 2676 3322 
6519 72 2990 3324 
6520 2427 3221 3310 
6521 3221 2633 3310 
6522 2235 2916 3188 
6523 363 310 3263 
6524 1380 1749 3405 
6525 300 301 3268 
6526 2148 2149 3386 
6527 129 130 3267 
6528 904 843 3143 
6529 2107 2986 3117 
6530 1048 904 3143 
6531 1399 1407 3233 
6532 1875 3186 3374 
6533 2199 1821 3293 
6534 1820 1564 3208 
6535 2137 1945 3403 
6536 3149 360 3428 
6537 772 745 3262 
6538 3043 2882 3247 
6539 1922 1924 3229 
6540 2134 1929 3422 
6541 3328 2108 3401 
6542 2858 2142 3391 
6543 2181 2183 3269 
6544 1896 2045 3356 
6545 698 696 3242 
6546 2111 3087 3322 
6547 1113 1111 3279 
6548 3076 2725 3304 
6549 373 149 3281 
6550 2579 3243 3329 
6551 959 2788 3275 
6552 2159 2162 3348 
6553 1904 2188 3383 
6554 2924 452 3173 
6555 2182 2266 3396 
6556 2583 1894 3286 
6557 2707 1938 3283 
6558 2495 3311 3395 
6559 76 77 3287 
6560 3285 1923 3307 
6561 2002 2000 3384 
6562 2945 361 3177 
6563 2548 3252 3332 
6564 2525 374 3288 
6565 2213 367 3327 
6566 1871 2064 3302 
6567 84 85 3291 
6568 1564 1787 3208 
6569 1986 3134 3364 
6570 3181 1865 3199 
6571 2006 3378 3394 
6572 1910 2921 3443 
6573 2042 3259 3335 
6574 360 3132 3182 
6575 2532 424 3375 
6576 2544 338 3296 
6577 1924 3192 3229 
6578 2552 2553 3297 
6579 445 2490 3298 
6580 1936 3078 3180 
6581 3234 1407 3245 
6582 2069 2099 3299 
6583 2246 1930 3433 
6584 2049 2230 3442 
6585 2062 2061 3357 
6586 2382 3308 3381 
6587 2948 459 3204 
6588 3001 208 3319 
6589 312 396 3347 
6590 2436 2427 3310 
6591 1383 1385 3305 
6592 2633 1573 3310 
6593 2725 1912 3304 
6594 2994 1861 3191 
6595 1480 2675 3308 
6596 2073 2963 3373 
6597 2584 1142 3311 
6598 2381 3381 3445 
6599 3138 3043 3247 
6600 1731 2246 3433 
6601 462 191 3317 
6602 461 328 3318 
6603 209 463 3319 
6604 2325 2321 3432 
6605 756 752 3300 
6606 2886 2310 3337 
6607 1980 2875 3423 
6608 2193 1616 3390 
6609 1935 2664 3408 
6610 2266 1617 3396 
6611 2222 3272 3414 
6612 2205 2866 3292 
6613 2188 479 3383 
6614 2391 3070 3220 
6615 3039 2558 3330 
6616 2574 447 3320 
6617 3176 889 3255 
6618 843 2187 3143 
6619 2617 1951 3316 
6620 3314 1774 3315 
6621 2882 3123 3247 
6622 3286 1894 3367 
6623 3003 3061 3290 
6624 3131 2168 3196 
6625 982 2978 3241 
6626 1835 2750 3265 
6627 2525 3288 3370 
6628 889 893 3255 
6629 3283 1938 3362 
6630 1839 1871 3301 
6631 283 284 3419 
6632 3381 1728 3445 
6633 2479 2477 3334 
6634 975 3197 3258 
6635 346 2579 3329 
6636 2851 3023 3424 
6637 1774 1963 3315 
6638 453 2871 3139 
6639 2925 2926 3122 
6640 1525 1526 3232 
6641 2552 3297 3380 
6642 348 2548 3332 
6643 3093 2184 3270 
6644 1410 1321 3399 
6645 1719 1725 3326 
6646 2381 2382 3381 
6647 2290 2291 3415 
6648 3262 2161 3348 
6649 2308 1888 3336 
6650 464 71 3324 
6651 3272 398 3414 
6652 2071 3048 3416 
6653 1760 1399 3233 
6654 3115 2181 3269 
6655 2088 3049 3339 
6656 2084 2088 3339 
6657 3308 2675 3381 
6658 2949 2948 3204 
6659 758 2841 3346 
6660 388 3199 3211 
6661 1933 1932 3344 
6662 2218 2086 3345 
6663 2809 1774 3314 
6664 1957 2133 3435 
6665 2087 2085 3354 
6666 322 323 3353 
6667 1916 3214 3266 
6668 3150 1836 3244 
6669 3061 1294 3290 
6670 350 2561 3356 
6671 1899 2222 3414 
6672 2021 2020 3294 
6673 346 3329 3413 
6674 2479 3334 3434 
6675 450 2690 3350 
6676 119 3127 3180 
6677 2198 2080 3369 
6678 455 2939 3222 
6679 2034 1916 3266 
6680 1470 2972 3365 
6681 1894 1999 3367 
6682 354 2949 3219 
6683 2746 3159 3238 
6684 1938 1949 3362 
6685 1891 2070 3335 
6686 428 2525 3370 
6687 2564 2563 3372 
6688 2995 384 3393 
6689 1914 3200 3301 
6690 2271 1919 3375 
6691 261 262 3376 
6692 2737 1911 3393 
6693 397 2552 3380 
6694 2990 464 3324 
6695 2558 3313 3330 
6696 356 2942 3240 
6697 3106 1335 3295 
6698 1533 1666 3385 
6699 2784 1899 3414 
6700 2755 1646 3377 
6701 1495 1494 3387 
6702 2954 379 3293 
6703 2878 2049 3442 
6704 2675 1728 3381 
6705 1728 2903 3445 
6706 3084 1048 3394 
6707 1296 1236 3360 
6708 1988 2949 3204 
6709 64 65 3392 
6710 2048 2878 3428 
6711 2926 453 3139 
6712 2496 2495 3395 
6713 754 2886 3337 
6714 1443 2858 3391 
6715 2231 1709 3420 
6716 3186 1960 3374 
6717 364 2524 3437 
6718 2380 2381 3445 
6719 2482 2479 3434 
6720 2343 2876 3342 
6721 2941 354 3219 
6722 2526 346 3413 
6723 1714 2028 3410 
6724 1260 3079 3424 
6725 195 196 3421 
6726 3285 991 3384 
6727 1602 1604 3409 
6728 367 2964 3327 
6729 3117 1378 3405 
6730 157 158 3430 
6731 1434 3034 3200 
6732 2151 3188 3248 
6733 398 2784 3414 
6734 2891 1841 3309 
6735 2654 1648 3439 
6736 1450 2626 3425 
6737 2183 2182 3396 
6738 3352 809 3426 
6739 1198 1237 3429 
6740 1330 1860 3341 
6741 2234 2233 3438 
6742 2862 990 3228 
6743 399 2927 3444 
6744 2477 3256 3334 
6745 3047 855 3373 
6746 1959 1964 3412 
6747 746 744 3351 
6748 3040 358 3389 
6749 1457 2760 3406 
6750 2963 2072 3274 
6751 2915 3057 3212 
6752 2875 1980 3284 
6753 1882 738 3364 
6754 2071 1904 3383 
6755 2876 403 3342 
6756 2141 3162 3391 
6757 3162 1443 3391 
6758 1980 2037 3284 
6759 1970 1969 3417 
6760 3023 1260 3424 
6761 1941 1940 3363 
6762 3171 1941 3363 
6763 2234 3438 3440 
6764 512 509 3440 
6765 3233 1407 3234 
6766 2486 3039 3330 
6767 2502 2966 3323 
6768 2478 3158 3256 
6769 2921 857 3443 
6770 2938 2240 3389 
6771 388 3181 3199 
6772 463 3001 3319 
6773 3244 2584 3311 
6774 2000 3285 3384 
6775 1930 2075 3433 
6776 3087 405 3322 
6777 2952 1966 3249 
6778 403 2952 3249 
6779 2946 2945 3259 
6780 4 47 3401 
6781 1916 3181 3214 
6782 2903 2380 3445 
6783 3236 450 3350 
6784 3333 3295 3403 
6785 2520 3025 3326 
6786 3031 991 3285 
6787 3125 2007 3250 
6788 2878 3149 3428 
6789 1817 3027 3312 
6790 330 2924 3280 
6791 3281 2007 3408 
6792 2945 3177 3259 
6793 1407 3106 3245 
6794 3107 398 3272 
6795 3245 3106 3295 
6796 3290 1294 3397 
6797 2897 3003 3290 
6798 2494 3150 3244 
6799 2963 3047 3373 
6800 3114 1928 3271 
6801 2085 3172 3354 
6802 2924 3173 3280 
6803 1911 2995 3393 
6804 1934 1914 3359 
6805 3228 990 3388 
6806 1294 2962 3397 
6807 3238 1933 3344 
6808 2014 3203 3365 
6809 329 3122 3358 
6810 3158 1449 3256 
6811 720 809 3352 
6812 3188 2916 3248 
6813 3200 1839 3301 
6814 2120 1885 3361 
6815 1335 1330 3341 
6816 1251 2975 3386 
6817 2107 3117 3405 
6818 3159 1933 3238 
6819 815 712 3368 
6820 2559 3224 3313 
6821 1877 2960 3436 
6822 2975 2148 3386 
6823 2776 3041 3371 
6824 855 2981 3373 
6825 2320 3305 3432 
6826 3001 463 3400 
6827 3231 399 3444 
6828 2990 460 3431 
6829 1378 1380 3405 
6830 1960 1844 3366 
6831 3048 2192 3416 
6832 2918 329 3358 
6833 991 2992 3384 
6834 1885 1875 3374 
6835 2022 3228 3388 
6836 3197 2161 3258 
6837 2133 3146 3435 
6838 1722 3138 3247 
6839 402 3057 3423 
6840 3361 1885 3374 
6841 1274 2967 3404 
6842 3240 2942 3398 
6843 396 3156 3347 
6844 990 2913 3388 
6845 1321 1325 3399 
6846 3181 388 3214 
6847 1964 3233 3234 
6848 3122 1965 3358 
6849 1438 3062 3331 
6850 460 3257 3431 
6851 3101 1820 3418 
6852 3259 1891 3335 
6853 2075 3145 3306 
6854 2942 457 3398 
6855 358 2938 3389 
6856 3295 1335 3403 
6857 1841 3202 3309 
6858 3134 1882 3364 
6859 3264 1439 3411 
6860 3145 992 3369 
6861 3156 2109 3347 
6862 3301 1871 3302 
6863 3249 1998 3342 
6864 3268 1970 3417 
6865 3066 1470 3365 
6866 3041 2201 3371 
6867 3224 1643 3313 
6868 3177 1891 3259 
6869 1820 3208 3418 
6870 3341 2137 3403 
6871 3240 1944 3328 
6872 356 3240 3328 
6873 3071 2132 3382 
6874 403 3249 3342 
6875 2034 3266 3325 
6876 2009 3207 3321 
6877 1945 3333 3403 
6878 360 3182 3428 
6879 3137 1910 3443 
6880 2017 3276 3420 
6881 1927 3245 3295 
6882 3146 1849 3435 
6883 772 3262 3348 
6884 3203 2014 3379 
6885 1927 3295 3333 
6886 3234 1926 3412 
6887 1964 3234 3412 
6888 3302 411 3359 
6889 2005 3264 3411 
6890 3208 2113 3418 
6891 373 3281 3408 
6892 1335 3341 3403 
6893 3276 2231 3420 
6894 3305 1385 3432 
$EndElements
